ID,Pred
1,3.506031e-05
2,0.03898545
3,0.9999374
4,0.99999666
5,0.00019543212
6,0.99999905
7,3.1717786e-06
8,0.1783702
9,0.9272833
10,0.5179863
11,0.9592918
12,0.99994886
13,0.0011469814
14,0.99993896
15,0.928557
16,0.9999716
17,0.025196942
18,0.06450465
19,0.9997017
20,0.98200536
21,0.00044561835
22,0.000799988
23,0.15773857
24,0.99950683
25,0.0003280218
26,0.9999701
27,0.0056397635
28,0.90807146
29,5.7132922e-05
30,0.5029309
31,0.9985611
32,0.9905413
33,0.90108263
34,0.9257296
35,0.027574182
36,0.020826891
37,0.000119324955
38,0.008067362
39,0.99874
40,1.3859004e-05
41,0.99501413
42,0.0011707586
43,0.9918425
44,2.6044713e-06
45,2.8114297e-05
46,0.5027465
47,0.993228
48,0.0042677503
49,1.0
50,0.99998474
51,0.012364321
52,0.99992347
53,0.9993741
54,0.4457294
55,0.00061410014
56,0.064037144
57,0.0029712103
58,0.99999595
59,0.9999238
60,0.006218239
61,0.9999889
62,0.9921108
63,0.9996612
64,1.0736561e-05
65,0.0005460063
66,0.89327663
67,0.99187344
68,0.4048107
69,0.51690227
70,8.508742e-06
71,0.0009702399
72,1.0243126e-06
73,0.9999999
74,0.99976355
75,0.99440044
76,0.99808216
77,1.2555091e-05
78,0.0031552028
79,0.99992085
80,0.9999999
81,1.0
82,0.9999981
83,0.599458
84,3.4951728e-07
85,0.09952032
86,0.9999608
87,9.303705e-07
88,0.00017262588
89,0.0341367
90,0.9999769
91,0.99997234
92,0.67046756
93,0.99984443
94,0.112941116
95,3.7677313e-05
96,0.99997914
97,1.7194489e-07
98,0.00054166175
99,1.6974258e-06
100,0.7706617
101,0.05284738
102,0.9999447
103,0.9999881
104,0.93967676
105,0.85573
106,0.023331752
107,0.65910196
108,0.86081064
109,0.006078162
110,0.98675704
111,2.947136e-05
112,0.99955636
113,0.0002993591
114,0.99996877
115,5.3619413e-05
116,0.9164157
117,0.9991497
118,0.0026460509
119,1.703114e-06
120,0.9329887
121,0.9406118
122,0.9999584
123,0.95349014
124,7.844328e-05
125,0.00042698503
126,0.00018658195
127,8.527259e-07
128,0.0802228
129,0.99980146
130,0.0034464938
131,0.17917106
132,0.99872524
133,0.70539427
134,0.99110013
135,8.068574e-06
136,0.99987304
137,0.1581994
138,0.9787129
139,0.6896667
140,0.9025866
141,0.56850743
142,0.91214937
143,0.9995413
144,0.00035017423
145,0.98091847
146,0.0011862399
147,4.7718087e-05
148,0.7504859
149,0.08100788
150,9.745526e-06
151,0.9975955
152,0.99998045
153,0.99976486
154,0.003626727
155,0.9998443
156,0.9999988
157,0.99999845
158,0.9999987
159,0.8633454
160,1.0896218e-05
161,0.9999999
162,0.9999968
163,0.15924719
164,1.2555091e-05
165,0.98544943
166,0.008000829
167,0.99900717
168,1.0
169,0.99459827
170,0.72669154
171,0.9999993
172,0.48354498
173,0.99941015
174,1.8571909e-06
175,0.0039440165
176,6.821827e-07
177,0.9999962
178,0.9988826
179,0.018138837
180,0.6101808
181,0.99997675
182,1.0
183,1.10854934e-07
184,0.0007087046
185,0.9483831
186,0.007533749
187,0.00016118023
188,0.9999331
189,0.13721058
190,0.9367823
191,0.00803408
192,0.0038760353
193,0.8523335
194,0.0012789869
195,0.016282868
196,0.99999845
197,0.010407852
198,0.99973696
199,0.47107315
200,0.9906357
201,0.999506
202,0.9999807
203,0.5954883
204,0.105462454
205,0.9988544
206,1.1751469e-05
207,0.15016393
208,0.007988376
209,0.9999999
210,5.4790165e-05
211,0.99999356
212,0.9999206
213,0.97620595
214,1.0
215,8.068574e-06
216,0.99999905
217,0.44217956
218,0.90573394
219,0.1621231
220,3.6860893e-05
221,0.9525745
222,0.9999622
223,0.99999976
224,9.7982724e-05
225,7.319518e-06
226,0.044203665
227,0.0001315984
228,0.0079607265
229,0.61901486
230,1.0
231,0.0012243693
232,0.9889177
233,0.0014713695
234,0.99987686
235,0.9999702
236,0.0042560054
237,1.0
238,0.85117227
239,0.88906693
240,0.99999297
241,0.0001786915
242,6.431164e-06
243,0.0034722327
244,9.080822e-06
245,0.47273698
246,2.299361e-05
247,0.95576566
248,0.9977285
249,2.1555295e-06
250,2.7342974e-06
251,0.99999964
252,0.008068057
253,0.63020486
254,8.7222084e-05
255,0.99992096
256,0.0035202107
257,0.51122236
258,4.770386e-07
259,0.99988365
260,0.459263
261,8.6371554e-05
262,0.0015228202
263,0.9999968
264,0.99999976
265,1.0
266,0.99998677
267,1.0
268,0.9958774
269,0.9787653
270,0.016050378
271,0.00046333615
272,0.10037362
273,0.84873325
274,0.006532713
275,3.5689828e-07
276,0.93746895
277,0.9999975
278,0.59803677
279,0.99999845
280,0.7946408
281,0.0001600062
282,0.12958753
283,0.998423
284,0.9999888
285,0.00046806945
286,0.9999838
287,2.4834462e-06
288,6.253057e-05
289,0.999948
290,0.00042280767
291,0.00028506533
292,0.0006387965
293,7.3600046e-09
294,0.9997218
295,0.86834717
296,0.99996865
297,0.31695423
298,0.22175336
299,0.9998933
300,0.9999995
301,5.365906e-05
302,3.4436089e-06
303,0.9999943
304,0.9977562
305,0.9545966
306,0.99875355
307,0.98735005
308,0.00011013902
309,0.99998975
310,0.9999677
311,0.39005977
312,0.44294804
313,0.0049725114
314,2.333535e-05
315,0.00017209633
316,0.99618524
317,0.0074648852
318,0.99999964
319,0.99999976
320,0.00018801422
321,0.9999999
322,0.99870574
323,0.00034568232
324,0.9161727
325,0.99999547
326,7.288811e-05
327,0.023499206
328,0.998599
329,0.9459999
330,0.99999523
331,1.0
332,0.9636852
333,0.00077469525
334,0.62964857
335,0.00029986756
336,0.0017980771
337,0.0018890818
338,0.99360013
339,0.29511994
340,0.34147856
341,0.9422115
342,0.1975462
343,0.16877526
344,0.80325156
345,0.0040214504
346,0.002462036
347,0.92649645
348,0.76214397
349,0.738909
350,0.021034107
351,6.4859796e-07
352,0.9006229
353,0.08695443
354,0.9996244
355,0.9547512
356,2.4507388e-05
357,0.001278844
358,0.9802525
359,0.99425715
360,0.99999845
361,0.99999213
362,0.12661849
363,7.4158226e-07
364,1.8600624e-06
365,0.99990773
366,0.05407223
367,0.08636873
368,0.004582409
369,0.99997306
370,0.9963715
371,2.9583658e-05
372,0.9999863
373,0.99999917
374,0.99997747
375,0.5979302
376,0.9999875
377,0.05837702
378,0.6749492
379,1.0
380,0.9999894
381,0.036871463
382,0.65958613
383,0.3889572
384,0.99999917
385,0.9999925
386,1.0152496e-06
387,2.2353683e-05
388,5.6285407e-05
389,0.00049207
390,0.9999963
391,7.509029e-05
392,0.9637073
393,5.541008e-06
394,7.700344e-07
395,0.94292533
396,0.017945962
397,0.9915912
398,0.01063614
399,0.9999136
400,0.9999919
401,0.957615
402,0.9999733
403,0.99718505
404,0.048795916
405,0.99999535
406,0.03561328
407,0.08523896
408,5.9650183e-06
409,0.71901506
410,0.107290514
411,0.999964
412,0.9999994
413,0.9999987
414,0.84264857
415,0.03468393
416,0.00010936415
417,0.9998827
418,0.70824844
419,0.9999689
420,0.9994728
421,0.04024816
422,0.9999994
423,0.012333974
424,2.3135086e-05
425,0.0008317866
426,3.0443192e-07
427,0.00025749527
428,0.040755544
429,0.99988234
430,0.00084994343
431,1.5755356e-08
432,0.9998716
433,0.6044016
434,2.7288374e-06
435,0.9967158
436,0.0010950565
437,0.23389944
438,4.113458e-06
439,0.46330902
440,0.9932353
441,0.9969298
442,0.74695665
443,0.12413498
444,0.8040861
445,0.0009942274
446,0.8615206
447,0.010023314
448,1.0
449,0.9999975
450,0.7306798
451,5.4982472e-08
452,2.6059743e-06
453,4.4708057e-05
454,0.99999964
455,0.7655628
456,0.53674775
457,0.9998988
458,4.522132e-05
459,1.6369329e-08
460,0.2294958
461,0.9999496
462,0.061256662
463,0.9999999
464,0.9999999
465,0.007526465
466,0.02746398
467,0.9814402
468,0.9999982
469,0.31058556
470,0.99817836
471,1.0
472,0.00044995942
473,0.94927967
474,0.99999917
475,0.9997161
476,0.011577396
477,0.9979761
478,5.367147e-07
479,0.99890447
480,0.8546111
481,0.99995005
482,0.6708309
483,0.00077148614
484,0.054206744
485,0.9999759
486,0.9944863
487,0.9917276
488,0.65220517
489,0.6775299
490,0.004804672
491,0.9991499
492,0.9999981
493,0.24503297
494,1.0
495,0.99993837
496,0.50312805
497,0.089968964
498,0.8725826
499,0.9999355
500,0.99999964
501,0.00093026826
502,0.9819276
503,1.4563464e-05
504,0.47019473
505,0.9999945
506,0.99929833
507,0.30915582
508,0.8789812
509,0.100609824
510,0.8739803
511,0.9999993
512,1.0
513,0.0009030656
514,0.9979753
515,0.25705865
516,0.08733271
517,0.998662
518,9.839565e-05
519,0.9999912
520,4.494582e-05
521,0.79465556
522,0.009752762
523,0.031812496
524,0.99999976
525,0.00017191593
526,0.9848605
527,0.0061653885
528,0.99119407
529,0.63087237
530,0.8130503
531,0.0005001406
532,0.7543039
533,4.0110623e-07
534,6.0034246e-05
535,0.45669156
536,0.005742888
537,0.9991842
538,0.9981206
539,0.98311996
540,6.818368e-08
541,0.47703645
542,0.99824536
543,0.091524854
544,0.9998568
545,0.41546887
546,1.7607393e-06
547,0.9933263
548,0.42133322
549,0.0001482839
550,0.0002936112
551,0.8164055
552,0.09802045
553,0.9857555
554,0.9841298
555,0.99999285
556,0.9988673
557,0.00012591167
558,0.0016382268
559,1.0
560,0.99999833
561,0.9997558
562,1.5273115e-05
563,0.99908817
564,7.039946e-06
565,0.7203105
566,0.91098374
567,0.004476318
568,0.99999297
569,0.9017986
570,0.3734267
571,6.581812e-05
572,0.9879483
573,0.999992
574,0.9993611
575,0.022522917
576,0.12118167
577,0.0002468859
578,0.95079106
579,0.9998902
580,0.99384636
581,0.023598373
582,0.03054368
583,0.9992374
584,0.9999999
585,1.00498655e-05
586,0.87832206
587,7.217536e-05
588,0.3082081
589,0.40732947
590,0.8433369
591,0.9998679
592,0.99527776
593,0.9981818
594,0.99935275
595,0.9999969
596,4.6706635e-05
597,0.33645743
598,0.9999989
599,0.09304038
600,7.8353577e-07
601,2.0179301e-05
602,0.00035668895
603,0.050669067
604,0.9999386
605,0.5234328
606,1.8728984e-07
607,0.54583734
608,0.5843
609,0.30867255
610,0.55235755
611,0.9950936
612,0.9999974
613,1.0
614,0.99994886
615,0.0008552285
616,0.014556612
617,0.9516598
618,0.98884445
619,0.99870133
620,0.000775237
621,0.22434868
622,0.9999993
623,0.9997031
624,0.99982846
625,0.022122014
626,0.31966332
627,0.0009067714
628,0.9973133
629,0.99858993
630,0.99997246
631,0.0008989958
632,0.9998677
633,0.1230434
634,0.850339
635,0.000113562994
636,0.32711437
637,0.99995923
638,0.74399686
639,1.9876738e-07
640,0.41602194
641,3.0391377e-06
642,0.99930155
643,1.0
644,0.003643043
645,5.4042102e-05
646,1.0
647,4.1367812e-07
648,0.0009514554
649,0.0676707
650,0.9999831
651,0.9998528
652,0.00062930357
653,0.9966834
654,0.051214673
655,0.9999913
656,0.99994385
657,0.999985
658,5.1690102e-05
659,0.13460973
660,0.124420434
661,0.0020320667
662,0.33511007
663,0.9999982
664,5.450879e-06
665,0.00025687835
666,1.0
667,0.9965379
668,0.013979023
669,0.99999857
670,0.82713395
671,0.9999976
672,0.02407752
673,0.967172
674,0.99999833
675,0.9992467
676,6.981259e-08
677,0.9999949
678,0.43524525
679,0.9995926
680,0.99999964
681,0.66043556
682,0.9999999
683,0.7679174
684,0.40644896
685,0.28881857
686,0.016989991
687,0.6369962
688,0.0014697228
689,0.019894447
690,0.9959545
691,0.9999999
692,0.98135924
693,0.9969061
694,3.390287e-05
695,0.00066071533
696,0.99105537
697,0.3496052
698,0.063820384
699,0.00038102377
700,0.99988306
701,0.9194868
702,0.9996481
703,0.0024993157
704,0.12902206
705,0.00015946015
706,1.1610161e-08
707,0.0021212436
708,0.9999901
709,0.98424226
710,1.0
711,0.701133
712,1.0
713,0.037580017
714,6.530209e-05
715,0.016137596
716,0.9254122
717,0.9389651
718,1.0
719,0.0001563585
720,0.014207198
721,5.760878e-06
722,0.34073192
723,0.9999871
724,0.004259641
725,0.000695702
726,0.5688577
727,0.0015071061
728,0.99992085
729,0.56979877
730,0.99746406
731,0.0016558036
732,0.94568306
733,0.9999999
734,7.929797e-05
735,8.1985905e-05
736,0.00041845805
737,1.2294728e-06
738,1.0
739,0.9999813
740,0.0017576799
741,0.0008073963
742,0.9999949
743,0.9999745
744,0.06130227
745,0.004083733
746,0.97103006
747,0.6659092
748,4.0592337e-07
749,0.38220474
750,0.99999654
751,0.24293527
752,0.005029924
753,0.9998878
754,0.006492276
755,0.9999999
756,0.99844664
757,0.8723047
758,0.96974474
759,0.44070047
760,0.99728763
761,9.223967e-08
762,0.85184205
763,0.9945439
764,8.01882e-07
765,0.9994579
766,0.9928976
767,0.03130502
768,0.00019684745
769,0.0026552586
770,0.000109639186
771,0.8701434
772,0.999982
773,0.99999976
774,0.9968681
775,0.98606384
776,0.9450712
777,0.0016099697
778,0.017102262
779,0.003422073
780,0.9999428
781,3.6584865e-05
782,0.00020764736
783,0.0467815
784,0.2905763
785,0.8835945
786,0.99953663
787,0.21770218
788,0.99942577
789,0.9999994
790,0.8835722
791,0.03992661
792,0.9999895
793,7.126791e-08
794,0.9999994
795,0.9900955
796,5.0396022e-05
797,0.98606503
798,0.9997862
799,0.96341956
800,0.9999833
801,0.999997
802,0.99998283
803,0.94143504
804,0.9999968
805,0.0025857992
806,0.99999535
807,0.0018447418
808,0.99999905
809,0.99544084
810,8.277033e-09
811,0.99158126
812,0.93998146
813,0.074585
814,3.385454e-05
815,1.0
816,0.0880873
817,0.18666254
818,0.9953685
819,0.5097033
820,0.94562554
821,0.9743668
822,6.637847e-05
823,0.00013193121
824,0.17100988
825,0.0004096911
826,0.42485684
827,2.0448338e-08
828,0.13358197
829,0.00021470874
830,0.9970528
831,0.015570574
832,0.99915457
833,0.06441906
834,0.9995009
835,0.098095395
836,0.9820857
837,0.38507554
838,0.00025599642
839,3.0674637e-06
840,0.0016711066
841,0.98200685
842,0.9925297
843,0.00032954582
844,6.048056e-05
845,0.99999845
846,0.42425016
847,0.99981076
848,0.9999964
849,0.18312018
850,0.99781007
851,0.85430986
852,0.9999988
853,0.99205387
854,0.9999989
855,0.64188313
856,6.0493335e-06
857,0.99742836
858,0.9999896
859,0.9999887
860,0.9997888
861,2.0220063e-05
862,0.0001238756
863,0.059867654
864,0.96363926
865,5.1595594e-05
866,0.9999727
867,0.055067234
868,9.250478e-06
869,0.9996518
870,0.9994574
871,0.99992895
872,0.9999523
873,8.037248e-06
874,0.00033579033
875,0.34479377
876,0.00025246028
877,0.9982004
878,4.8250622e-05
879,2.4193367e-05
880,1.3692581e-05
881,1.4501901e-05
882,0.2955121
883,0.64244425
884,0.9999864
885,0.56472373
886,0.9999993
887,7.7754834e-05
888,2.2388223e-05
889,0.99999964
890,0.9999951
891,0.99940443
892,0.11237592
893,0.21719293
894,0.4708344
895,1.0
896,0.28311232
897,4.380608e-05
898,0.99983
899,0.5087177
900,0.9960007
901,5.4901484e-06
902,0.9998467
903,0.19570805
904,9.613217e-09
905,6.655937e-05
906,0.9996872
907,1.0
908,0.9999896
909,0.89613503
910,0.9998733
911,0.99999225
912,0.99967873
913,0.99999
914,0.99982065
915,1.0
916,0.9895755
917,0.0015337113
918,0.99881953
919,3.1920003e-06
920,0.90579265
921,0.30112377
922,0.11968885
923,0.9999703
924,0.9999788
925,0.9999001
926,0.7092998
927,0.9999975
928,0.99999917
929,0.04215794
930,3.3501997e-06
931,0.4901505
932,0.98624146
933,0.9356428
934,9.6585936e-05
935,5.1849605e-07
936,0.9998293
937,0.9485254
938,1.119073e-05
939,0.9999416
940,0.07142744
941,0.99999917
942,0.9999411
943,0.00452011
944,0.5487461
945,0.14787555
946,0.81140447
947,3.6007395e-07
948,0.08372405
949,0.62701297
950,0.9991314
951,0.9999708
952,0.68786025
953,0.99999857
954,6.542045e-07
955,0.9117948
956,0.024769036
957,0.99973816
958,0.8184337
959,2.293527e-05
960,0.00012058154
961,0.8723265
962,1.0
963,0.00012131285
964,0.96538603
965,0.9998791
966,7.846082e-06
967,0.92075473
968,0.94997865
969,0.99993694
970,8.0693775e-05
971,0.5052041
972,2.9971268e-06
973,0.002200087
974,4.3552498e-07
975,1.542879e-09
976,0.9998815
977,0.020696579
978,0.8280962
979,0.15061207
980,0.08777914
981,0.97930896
982,0.9995142
983,0.99999225
984,0.9964779
985,0.043602187
986,0.0043430915
987,0.9999976
988,0.88868564
989,0.9971923
990,0.07229757
991,9.02417e-09
992,0.08236779
993,9.489022e-11
994,1.0
995,0.11504372
996,0.97099924
997,0.35763648
998,0.99733907
999,0.046043538
1000,0.056531705
1001,7.18141e-05
1002,0.04178266
1003,1.068769e-07
1004,0.9202159
1005,0.99995375
1006,0.03843125
1007,0.9276451
1008,0.99999833
1009,0.698427
1010,5.0863677e-05
1011,0.99996376
1012,0.012958481
1013,0.4458829
1014,0.9997193
1015,0.99808097
1016,1.8365017e-07
1017,0.8692439
1018,0.00012927482
1019,0.0066325557
1020,0.79215217
1021,0.999696
1022,0.98172355
1023,8.905593e-08
1024,0.043786474
1025,0.0010490478
1026,0.856586
1027,0.9999994
1028,4.0181385e-05
1029,0.17189966
1030,0.87244326
1031,0.9993412
1032,0.00023510397
1033,0.12631488
1034,0.9920142
1035,3.5103138e-05
1036,0.00078420213
1037,0.015803328
1038,3.4596856e-06
1039,0.9793147
1040,0.9998313
1041,3.5147266e-07
1042,0.9999815
1043,0.9959423
1044,0.990253
1045,0.16191891
1046,0.00052524137
1047,0.236934
1048,0.3912236
1049,0.3720117
1050,0.99708456
1051,0.9999893
1052,0.9973563
1053,0.046733454
1054,0.8384272
1055,0.90360236
1056,0.9957456
1057,2.7841352e-05
1058,0.6926045
1059,0.9998473
1060,0.7006935
1061,0.998541
1062,0.004314178
1063,0.027362315
1064,0.7982541
1065,0.99999917
1066,4.7789305e-05
1067,0.020176172
1068,0.98718995
1069,0.0027291155
1070,0.12021485
1071,0.15589692
1072,0.33939472
1073,0.21533763
1074,0.999998
1075,0.29216138
1076,0.0030316117
1077,0.99999964
1078,0.06748209
1079,0.9980215
1080,0.095237255
1081,0.98835075
1082,0.9999969
1083,2.80166e-08
1084,0.99525815
1085,0.0026983682
1086,0.7141761
1087,0.25281656
1088,0.998569
1089,0.00026456
1090,0.97510964
1091,0.9888787
1092,0.99960643
1093,0.9409799
1094,0.99998677
1095,0.9998745
1096,0.053621974
1097,0.92691267
1098,0.99890447
1099,0.9695458
1100,1.29596e-07
1101,0.9975668
1102,0.00072276406
1103,0.004996895
1104,0.48117146
1105,0.0063330377
1106,0.99559
1107,0.99999547
1108,0.74709326
1109,9.4613526e-05
1110,0.7295298
1111,0.104228176
1112,6.6430657e-06
1113,0.7550408
1114,0.0046737674
1115,5.6968944e-05
1116,1.0
1117,0.99998283
1118,0.9868672
1119,0.9679546
1120,4.7863086e-06
1121,0.975001
1122,0.95088464
1123,0.058708113
1124,0.019088103
1125,0.7473864
1126,0.9998109
1127,0.99991083
1128,0.0007344692
1129,0.21318692
1130,0.739336
1131,0.99999535
1132,0.00010538574
1133,0.9999713
1134,1.4677293e-05
1135,0.9999974
1136,0.9999987
1137,1.14598876e-07
1138,0.026111031
1139,0.67193055
1140,0.999977
1141,0.4462972
1142,0.061363943
1143,0.8020918
1144,0.9963007
1145,0.012176077
1146,0.0035137048
1147,0.99973935
1148,0.00012455451
1149,0.83439827
1150,0.08728801
1151,0.9699379
1152,0.99998045
1153,0.001914459
1154,0.9999999
1155,0.999577
1156,0.037820946
1157,0.008038346
1158,0.99999225
1159,0.9991486
1160,0.997051
1161,0.9994491
1162,0.15850538
1163,1.0
1164,0.00012792264
1165,1.0
1166,0.9999695
1167,0.12267754
1168,0.46880242
1169,0.021040587
1170,0.4523916
1171,0.7890786
1172,7.37421e-06
1173,0.9991999
1174,7.8133235e-05
1175,3.5118594e-06
1176,0.9998467
1177,0.00020095895
1178,0.9995783
1179,0.00042042992
1180,0.92717886
1181,0.95104146
1182,0.99972314
1183,0.7325826
1184,0.2253337
1185,0.0022865532
1186,0.99999607
1187,0.046994146
1188,0.98211354
1189,0.37102515
1190,0.99998295
1191,0.2907065
1192,0.99997425
1193,1.0
1194,1.0
1195,6.7057485e-08
1196,0.0018342993
1197,0.03357456
1198,0.99606776
1199,0.9990409
1200,0.9902863
1201,0.1724092
1202,0.44978452
1203,0.9090712
1204,0.9999988
1205,0.31880277
1206,0.0010124553
1207,0.9982266
1208,0.99327093
1209,0.6556023
1210,0.0061337273
1211,0.986026
1212,0.99896944
1213,0.28765854
1214,0.0005118389
1215,0.99878615
1216,0.9999951
1217,0.99999535
1218,0.6029936
1219,0.99993896
1220,0.020068333
1221,0.99796236
1222,0.00032656404
1223,0.8678298
1224,0.001483466
1225,0.89381135
1226,0.043697715
1227,0.9999957
1228,7.601551e-05
1229,0.9996891
1230,0.0047213174
1231,0.0055556884
1232,1.8882575e-07
1233,0.9975719
1234,0.7657565
1235,0.9999993
1236,0.9951751
1237,0.9999999
1238,0.79177797
1239,0.99999845
1240,0.9999882
1241,0.9995714
1242,1.0
1243,0.9999523
1244,0.25527337
1245,0.01189933
1246,0.8356258
1247,0.99999714
1248,0.9999925
1249,3.8093604e-06
1250,0.5998984
1251,0.014463063
1252,0.70824116
1253,0.050948247
1254,0.98620933
1255,0.9993395
1256,0.9849049
1257,0.93623954
1258,0.9999881
1259,0.9999913
1260,0.9926318
1261,0.70539165
1262,0.015325742
1263,0.9997625
1264,0.000101909514
1265,0.999933
1266,0.00062398426
1267,0.99452305
1268,0.00038834664
1269,0.012823702
1270,0.9999981
1271,0.96743137
1272,0.9999825
1273,1.1834724e-06
1274,0.9999554
1275,0.02270868
1276,0.00859602
1277,0.20253475
1278,0.99999905
1279,0.9934924
1280,0.0008465319
1281,0.9999999
1282,0.9999906
1283,0.9986922
1284,0.9999931
1285,0.8060941
1286,0.5494651
1287,0.016795047
1288,3.871372e-06
1289,9.100003e-05
1290,0.9850508
1291,0.99793893
1292,0.99999547
1293,1.0
1294,0.99995625
1295,8.466505e-06
1296,0.0040315934
1297,0.9921273
1298,0.9634863
1299,0.9940088
1300,0.9999999
1301,0.99331796
1302,0.9999975
1303,0.9595555
1304,0.997259
1305,0.086944595
1306,0.0005504999
1307,4.756322e-06
1308,3.2878395e-06
1309,0.99999774
1310,0.99689853
1311,0.9800061
1312,0.9991602
1313,0.015586171
1314,0.99825734
1315,5.320966e-06
1316,0.00026336007
1317,6.8291186e-08
1318,0.68270504
1319,2.7513731e-06
1320,0.99999905
1321,0.0021510012
1322,0.012620991
1323,0.0001240988
1324,0.9999999
1325,0.97608215
1326,1.0
1327,0.9997038
1328,0.00012087385
1329,0.0013484315
1330,0.96686244
1331,0.0027049978
1332,0.9999591
1333,0.96006495
1334,0.9868069
1335,0.1449023
1336,0.00030599415
1337,2.99663e-05
1338,0.41948196
1339,0.06544558
1340,7.099275e-06
1341,0.024896745
1342,3.020582e-07
1343,0.8113565
1344,0.49628797
1345,0.7501189
1346,0.03970032
1347,0.90442616
1348,5.532425e-07
1349,0.9999026
1350,5.4939283e-05
1351,0.48195305
1352,0.9999894
1353,0.0017835982
1354,0.00022255721
1355,0.9999982
1356,0.9999778
1357,0.3179468
1358,0.8504027
1359,0.3098872
1360,0.9998294
1361,0.9991943
1362,2.4224312e-06
1363,0.99987054
1364,0.99713826
1365,0.99994445
1366,0.9894146
1367,0.08877116
1368,0.005511699
1369,0.99811614
1370,0.9999981
1371,0.9999999
1372,0.9795242
1373,0.9999999
1374,0.016241644
1375,0.99999785
1376,0.9999989
1377,8.068574e-06
1378,0.020967139
1379,0.99999976
1380,0.998919
1381,0.053996082
1382,0.027782438
1383,0.9999863
1384,0.9374443
1385,0.9999974
1386,0.99999976
1387,0.99998033
1388,0.17000163
1389,0.99153346
1390,0.9995065
1391,3.6107584e-05
1392,0.00033969793
1393,0.99970055
1394,0.0011099846
1395,0.9991242
1396,6.6403762e-09
1397,0.001414764
1398,0.9961211
1399,1.613125e-06
1400,0.99999857
1401,1.619107e-05
1402,0.9946713
1403,0.100936785
1404,0.064535305
1405,0.00020297246
1406,5.9075326e-05
1407,0.017978825
1408,0.9820857
1409,0.0019484634
1410,0.003256945
1411,4.1326606e-05
1412,0.00026966984
1413,0.99988484
1414,0.2176746
1415,1.8633932e-06
1416,3.6166253e-07
1417,0.79151267
1418,0.002369474
1419,0.30291766
1420,0.99238425
1421,0.00013830539
1422,0.05345039
1423,0.9709171
1424,0.99998593
1425,0.77101076
1426,0.99999976
1427,0.9999995
1428,0.00018339665
1429,7.8898275e-08
1430,0.99997663
1431,2.0909189e-05
1432,0.9985728
1433,0.7970753
1434,0.99684614
1435,0.99779785
1436,0.0009037046
1437,0.008665895
1438,0.26100266
1439,1.9924064e-06
1440,0.9974598
1441,0.99997926
1442,0.0022810227
1443,0.94812584
1444,0.00026811933
1445,0.0003655893
1446,0.69319665
1447,0.99983656
1448,1.0
1449,5.7772562e-05
1450,0.0005237612
1451,0.048771806
1452,0.21867508
1453,0.99986064
1454,0.99999964
1455,0.4823202
1456,0.99928635
1457,6.1386505e-09
1458,0.13880971
1459,0.3681044
1460,1.1644339e-05
1461,0.0010042001
1462,0.9972965
1463,0.999997
1464,0.00051755994
1465,0.9997441
1466,0.99994314
1467,0.00040832369
1468,0.9999274
1469,0.8076185
1470,0.9999368
1471,0.99996436
1472,0.99997973
1473,1.26477935e-05
1474,0.9999994
1475,0.024230124
1476,0.9725533
1477,0.004882822
1478,2.59707e-06
1479,0.999972
1480,0.9836394
1481,1.7496822e-09
1482,0.895647
1483,5.1108735e-05
1484,3.512779e-10
1485,0.26499438
1486,0.007628827
1487,0.029731296
1488,0.005138977
1489,1.0
1490,0.007990716
1491,0.8256492
1492,0.9975432
1493,0.11968885
1494,1.1546513e-06
1495,0.010606516
1496,0.9999981
1497,0.9999995
1498,0.0036291438
1499,0.9998492
1500,0.44683003
1501,0.99997497
1502,1.0
1503,0.9916837
1504,1.0
1505,1.6738382e-05
1506,1.510651e-07
1507,0.99564207
1508,0.9999578
1509,0.019360209
1510,0.99999976
1511,0.97600174
1512,0.9991499
1513,0.9998306
1514,0.6300849
1515,0.16652253
1516,0.9814988
1517,0.4390032
1518,1.0
1519,0.22685696
1520,0.99801743
1521,0.1400852
1522,2.8471528e-05
1523,1.6043728e-05
1524,0.0002396928
1525,0.94530517
1526,0.99999726
1527,0.004741175
1528,8.539013e-06
1529,0.010429454
1530,0.12067453
1531,0.9999795
1532,0.93132365
1533,4.0725567e-07
1534,0.106082134
1535,0.13813525
1536,0.9997099
1537,0.9774884
1538,0.38875186
1539,0.96992993
1540,1.1908304e-10
1541,0.99956495
1542,5.6518184e-06
1543,4.2094844e-06
1544,0.09702433
1545,0.9999306
1546,0.48878524
1547,0.0012239435
1548,0.99999845
1549,0.9999645
1550,0.0019444673
1551,0.99999964
1552,0.9999734
1553,0.13292447
1554,0.9999982
1555,0.9916482
1556,0.9998566
1557,0.99999976
1558,0.99561936
1559,0.9999999
1560,0.9998995
1561,0.00020669171
1562,0.618575
1563,8.354151e-05
1564,0.99979967
1565,0.9850395
1566,0.5319892
1567,1.3134169e-06
1568,0.88937086
1569,0.9982002
1570,0.037895944
1571,4.5427016e-05
1572,0.64935064
1573,0.99878126
1574,0.44578138
1575,0.9999893
1576,0.43360886
1577,0.75300944
1578,2.5929992e-05
1579,0.9999995
1580,0.99999833
1581,5.3854205e-07
1582,0.7208325
1583,0.0005178541
1584,8.917796e-06
1585,0.42066148
1586,0.9598606
1587,0.9995753
1588,0.0002142002
1589,0.024314262
1590,0.0002883762
1591,5.3255466e-05
1592,0.041521616
1593,0.99047697
1594,0.04129319
1595,0.9999745
1596,0.9999912
1597,0.8973842
1598,0.9794266
1599,0.9999995
1600,0.9999999
1601,1.0
1602,0.9999757
1603,0.00013023285
1604,0.02625354
1605,0.9999764
1606,0.99818414
1607,2.0563509e-07
1608,0.863009
1609,0.997095
1610,0.9547981
1611,0.9728885
1612,3.3328004e-06
1613,0.011118605
1614,0.9999896
1615,0.0018199147
1616,0.24773057
1617,0.7636671
1618,0.0006309298
1619,0.0070766965
1620,0.0008180006
1621,0.9999982
1622,1.2418662e-06
1623,0.021063445
1624,0.99785453
1625,0.9930623
1626,0.8801484
1627,0.0016022285
1628,0.99775535
1629,0.037335988
1630,0.9999999
1631,0.25364298
1632,4.865467e-07
1633,0.9808899
1634,0.99998856
1635,0.99999285
1636,0.665908
1637,0.5057779
1638,0.9999982
1639,0.98280555
1640,0.99999845
1641,0.00020974745
1642,0.99954754
1643,2.0696083e-05
1644,0.9720642
1645,0.99976903
1646,0.9949378
1647,0.8424943
1648,0.22766371
1649,1.0360527e-05
1650,0.6525112
1651,0.029975051
1652,0.33461067
1653,0.001161738
1654,0.99999225
1655,0.000639348
1656,1.238114e-06
1657,3.9516905e-07
1658,0.9992048
1659,0.9999988
1660,0.0013599471
1661,0.99086773
1662,0.99748033
1663,0.045667626
1664,1.0
1665,2.444508e-09
1666,0.21504565
1667,0.00074467517
1668,0.90703875
1669,0.7429304
1670,0.19146653
1671,5.78247e-07
1672,0.9147157
1673,0.9964993
1674,0.9247462
1675,1.4925665e-05
1676,0.99942255
1677,3.401207e-08
1678,0.99999905
1679,1.0
1680,0.900629
1681,0.16581285
1682,0.000105780426
1683,0.99967885
1684,0.00053195085
1685,0.23766045
1686,0.85845757
1687,0.99999905
1688,0.9030868
1689,0.90292
1690,0.9968894
1691,0.99988055
1692,0.1207056
1693,0.9859693
1694,0.0032886858
1695,0.99994373
1696,0.9988674
1697,0.0021534204
1698,4.7857582e-05
1699,0.8415981
1700,0.0025936472
1701,0.00031193582
1702,0.017942015
1703,0.9697224
1704,0.9999999
1705,0.0069558755
1706,2.7518665e-06
1707,0.99999654
1708,0.9998741
1709,0.2897481
1710,0.9996946
1711,3.8604994e-05
1712,0.999579
1713,0.9999999
1714,0.02562094
1715,0.005304956
1716,0.031163014
1717,0.4867123
1718,0.99945253
1719,0.99978477
1720,0.86390525
1721,0.0019569583
1722,0.00020308512
1723,0.77579796
1724,0.9999931
1725,0.99978477
1726,1.519563e-06
1727,0.000795224
1728,0.9992767
1729,0.99566513
1730,0.99901164
1731,0.99870634
1732,0.9991997
1733,0.9387575
1734,0.0018237715
1735,0.9999032
1736,0.0065730703
1737,0.9997433
1738,0.9999976
1739,0.0003266026
1740,0.5054732
1741,0.9999863
1742,0.9921474
1743,0.9695199
1744,0.0005431683
1745,0.99976164
1746,0.42320374
1747,3.328935e-05
1748,0.0105504785
1749,0.9993917
1750,0.017772397
1751,0.9997173
1752,0.0024061815
1753,5.354914e-07
1754,0.8548953
1755,0.8369866
1756,0.010733867
1757,0.0035077196
1758,0.06178811
1759,0.21632744
1760,4.09673e-06
1761,0.0002178915
1762,0.9999995
1763,0.9993113
1764,0.9999999
1765,4.3175067e-05
1766,0.0010471038
1767,0.99933654
1768,0.999884
1769,0.08961813
1770,5.7643294e-05
1771,3.2719633e-08
1772,0.99987686
1773,0.75834656
1774,1.9334193e-06
1775,0.99997723
1776,0.9808203
1777,0.9987197
1778,0.99998164
1779,0.99999285
1780,0.04970536
1781,0.14449662
1782,0.9999691
1783,0.99955887
1784,0.9999863
1785,0.9952715
1786,0.9999453
1787,0.00019480703
1788,2.2758222e-05
1789,4.149293e-10
1790,0.99488705
1791,0.9999999
1792,0.005111474
1793,0.4708004
1794,0.0002505668
1795,0.19043535
1796,0.99996495
1797,0.9999989
1798,0.99997735
1799,7.281113e-05
1800,0.0013630262
1801,0.98359287
1802,0.2533788
1803,0.00048334312
1804,0.99983525
1805,0.9996699
1806,0.9914384
1807,4.2665448e-05
1808,4.5146074e-08
1809,0.99999547
1810,2.9633859e-05
1811,0.9999516
1812,0.99999905
1813,0.0065250183
1814,0.07032345
1815,0.9982674
1816,0.99985695
1817,0.9999976
1818,0.9935503
1819,0.2085415
1820,0.000100288686
1821,0.32029516
1822,0.9982768
1823,0.1254507
1824,2.7156443e-07
1825,0.032636963
1826,0.9999645
1827,0.2120128
1828,1.2176013e-05
1829,0.9999962
1830,0.010509026
1831,0.99968493
1832,0.9852255
1833,0.99999964
1834,0.07747716
1835,2.509102e-06
1836,1.0118906e-05
1837,5.5207424e-06
1838,0.9999993
1839,0.9658076
1840,0.9999999
1841,0.3487266
1842,0.5188827
1843,0.00038482057
1844,1.0
1845,0.01975317
1846,0.99880207
1847,0.0002510125
1848,0.27375442
1849,0.9300999
1850,0.9999591
1851,0.7466824
1852,0.01659959
1853,0.0012612765
1854,0.01668188
1855,0.72268903
1856,0.016464476
1857,8.256905e-06
1858,0.4453789
1859,0.056458335
1860,0.018520959
1861,0.9999995
1862,0.9999769
1863,0.05149096
1864,0.9210186
1865,0.99769837
1866,0.9998385
1867,0.484405
1868,0.99857926
1869,0.07174873
1870,6.811583e-08
1871,0.9983993
1872,0.9848011
1873,0.99995697
1874,0.9999453
1875,1.0
1876,0.99997115
1877,0.4715999
1878,0.60291153
1879,0.99996173
1880,0.9999987
1881,0.0035761034
1882,5.177045e-07
1883,0.7557882
1884,6.979408e-07
1885,0.981275
1886,0.97674555
1887,0.01244102
1888,0.9963894
1889,1.3011769e-05
1890,0.9999846
1891,0.0024525905
1892,1.0055352e-07
1893,0.9984915
1894,0.9895398
1895,0.01482733
1896,0.93102026
1897,0.99998856
1898,0.0011366735
1899,0.99992836
1900,0.9690549
1901,0.0122589655
1902,0.9948862
1903,0.0015570683
1904,0.9999552
1905,0.008769094
1906,0.21425655
1907,0.9998646
1908,0.0006860096
1909,0.0013194236
1910,0.0002783129
1911,0.8825672
1912,0.009697677
1913,0.6855646
1914,0.99998736
1915,0.77579296
1916,0.938166
1917,1.0
1918,1.0
1919,0.99584156
1920,0.0041841744
1921,0.08988142
1922,0.9412263
1923,0.97762555
1924,0.9999994
1925,0.00018363848
1926,6.1283395e-06
1927,0.9999999
1928,0.9953609
1929,0.9957767
1930,0.9999988
1931,0.2787574
1932,0.99999607
1933,0.99999785
1934,0.9999988
1935,8.934471e-06
1936,0.99726725
1937,0.9999975
1938,0.88138896
1939,0.96591806
1940,0.99892443
1941,0.9999969
1942,0.42028487
1943,0.99999785
1944,0.15472507
1945,0.41458157
1946,0.9974623
1947,0.00021990578
1948,0.21239743
1949,0.36217088
1950,0.0009544566
1951,0.00020572553
1952,0.9999999
1953,0.99998474
1954,0.9988576
1955,0.9994425
1956,3.758057e-05
1957,0.12193193
1958,1.680694e-05
1959,0.00021569466
1960,0.9051241
1961,0.9992467
1962,0.99951017
1963,0.9999995
1964,0.99988306
1965,0.9976419
1966,0.010683588
1967,6.5473125e-07
1968,0.9999995
1969,0.87525177
1970,0.9999994
1971,8.4887826e-05
1972,0.010610751
1973,0.8971779
1974,0.99650216
1975,0.99803704
1976,0.65738595
1977,0.62018794
1978,0.99993145
1979,0.9999994
1980,0.32110232
1981,1.0
1982,0.9999659
1983,5.2054847e-06
1984,0.8248241
1985,0.9999993
1986,0.0031828482
1987,0.0018415536
1988,0.7817647
1989,0.9997701
1990,0.99998415
1991,0.42312935
1992,0.9993119
1993,0.027420456
1994,0.9999707
1995,1.0
1996,0.9999087
1997,0.9999999
1998,0.999997
1999,1.412515e-05
2000,0.9998716
2001,0.9999577
2002,0.9995956
2003,0.30210587
2004,0.99999833
2005,6.152973e-05
2006,0.999995
2007,0.6819537
2008,0.0471525
2009,9.249695e-05
2010,0.94290936
2011,1.3038823e-05
2012,0.98660594
2013,0.73110765
2014,0.00022809092
2015,0.9029621
2016,0.998841
2017,0.9857603
2018,0.0007431152
2019,0.00021749132
2020,0.2579742
2021,0.9999182
2022,0.009786441
2023,0.9999763
2024,0.99956113
2025,0.9999994
2026,0.0019016549
2027,0.23374276
2028,0.9864218
2029,0.0099964775
2030,0.00023641832
2031,0.9321556
2032,0.6094262
2033,0.0057924837
2034,0.00011299535
2035,0.99756086
2036,0.021534868
2037,0.003776696
2038,0.028652245
2039,0.99986124
2040,0.6416531
2041,0.967131
2042,0.99993503
2043,0.46659306
2044,1.0
2045,0.99523073
2046,0.8179523
2047,0.15007713
2048,0.99637043
2049,0.09749006
2050,0.1609305
2051,0.012012216
2052,0.00021940062
2053,0.6735938
2054,0.00016606254
2055,0.23660928
2056,0.8634681
2057,0.5951526
2058,2.1815413e-05
2059,0.0011736259
2060,0.9352695
2061,0.99977165
2062,0.99382883
2063,2.4127794e-05
2064,0.7544637
2065,0.9999938
2066,0.99992645
2067,0.014479581
2068,0.00045722726
2069,0.03184058
2070,0.65502274
2071,0.9998467
2072,1.5195693e-05
2073,0.99039626
2074,0.041636262
2075,0.004230728
2076,0.13046789
2077,0.99873155
2078,0.75145125
2079,0.9983223
2080,0.013252546
2081,0.9824274
2082,1.126485e-08
2083,2.307505e-06
2084,0.64654446
2085,0.99131083
2086,0.9729294
2087,0.27334484
2088,0.9999993
2089,0.07418484
2090,0.04038799
2091,0.9204513
2092,0.66269475
2093,1.0
2094,0.99988914
2095,0.999987
2096,0.9998369
2097,0.9998012
2098,0.5048255
2099,0.99999857
2100,0.97472376
2101,0.020570938
2102,0.9999999
2103,0.99709034
2104,0.9999993
2105,0.9999993
2106,1.0
2107,0.025590455
2108,0.7923905
2109,6.5012915e-05
2110,0.99998856
2111,0.3460155
2112,0.00034637988
2113,0.99999976
2114,0.9991505
2115,0.99935156
2116,0.98518777
2117,1.0
2118,0.8034231
2119,0.99463505
2120,0.0030746784
2121,0.00011402546
2122,0.999995
2123,1.10879256e-07
2124,0.016317228
2125,0.9856308
2126,0.19765039
2127,8.881188e-05
2128,0.0006820266
2129,0.98828715
2130,0.9999999
2131,0.0023886338
2132,0.9999534
2133,0.9999144
2134,0.9972941
2135,0.99993694
2136,0.0005433694
2137,0.9999993
2138,0.034594607
2139,0.9959997
2140,0.99932754
2141,0.9999918
2142,0.9859008
2143,2.949962e-05
2144,0.0011854052
2145,7.953944e-06
2146,0.45767498
2147,0.9998597
2148,0.72298527
2149,0.9999778
2150,0.99999976
2151,0.00040577995
2152,0.99946755
2153,0.9999999
2154,0.00019677503
2155,1.0
2156,0.21388195
2157,0.9999491
2158,0.9982632
2159,0.9996674
2160,0.9658766
2161,0.03416714
2162,0.020373274
2163,0.003218278
2164,0.0027663803
2165,8.147055e-06
2166,0.99981135
2167,0.99999475
2168,0.9994134
2169,0.12571727
2170,0.9999021
2171,1.3508284e-08
2172,0.99835795
2173,0.6749609
2174,0.28821304
2175,0.17380051
2176,0.99999976
2177,0.99646854
2178,0.15431038
2179,0.95165664
2180,0.00014586687
2181,0.9932231
2182,0.0065532043
2183,7.75508e-06
2184,7.585387e-07
2185,0.98531175
2186,0.01285991
2187,0.9999609
2188,0.9994773
2189,7.863806e-08
2190,0.79191285
2191,0.9945762
2192,3.9540504e-07
2193,0.001399733
2194,9.695825e-09
2195,0.9999988
2196,5.989433e-07
2197,0.003641583
2198,6.602814e-06
2199,0.9998698
2200,0.12318845
2201,0.69528115
2202,0.0034749461
2203,0.011860115
2204,0.8859578
2205,0.99359107
2206,0.9999995
2207,0.9996704
2208,0.9730681
2209,0.99994254
2210,0.99962175
2211,0.9987789
2212,0.009016419
2213,4.707145e-07
2214,0.90665334
2215,0.0076634376
2216,0.9998022
2217,0.0014285838
2218,0.047818396
2219,0.99999833
2220,0.0730693
2221,0.9999893
2222,0.00047493304
2223,1.2973383e-05
2224,1.6748156e-05
2225,0.88306415
2226,0.9999982
2227,0.99999774
2228,0.0021766433
2229,0.90778846
2230,0.000114843766
2231,0.99901485
2232,1.4885849e-05
2233,1.0574323e-05
2234,0.9999864
2235,0.059801828
2236,0.037982143
2237,0.99641824
2238,0.9999758
2239,0.9999999
2240,0.04485967
2241,0.9897545
2242,0.0047505326
2243,0.17589492
2244,0.999943
2245,4.4682736e-05
2246,0.15282592
2247,0.9999509
2248,2.401203e-07
2249,2.754359e-09
2250,0.99999964
2251,0.0014761701
2252,0.9999906
2253,0.54479074
2254,0.00079080556
2255,1.0839522e-06
2256,0.9999894
2257,1.0
2258,0.99180615
2259,0.19781351
2260,0.99812716
2261,0.013374691
2262,0.9976794
2263,0.00041147764
2264,8.0355756e-05
2265,0.94191605
2266,2.8782133e-06
2267,0.1999045
2268,0.9990716
2269,9.605314e-06
2270,1.9582687e-06
2271,0.22229294
2272,0.3962407
2273,0.9999993
2274,0.5612537
2275,0.99999225
2276,0.4068472
2277,0.78856975
2278,0.15616098
2279,0.00010975593
2280,0.0019220473
2281,0.32535827
2282,5.2874824e-05
2283,4.3537377e-05
2284,0.82144576
2285,0.9999876
2286,0.9999999
2287,0.97468877
2288,0.9999763
2289,0.8382006
2290,0.21658473
2291,0.0008629218
2292,0.9999976
2293,0.999931
2294,4.336324e-06
2295,0.9999862
2296,0.90283203
2297,0.990177
2298,0.9994848
2299,0.9999237
2300,0.00053255254
2301,0.9998642
2302,0.99368346
2303,0.9894521
2304,1.0
2305,3.3590904e-06
2306,0.99967206
2307,0.97585785
2308,0.9999764
2309,0.008551454
2310,0.5401676
2311,0.16686091
2312,0.8674355
2313,0.5312831
2314,0.002252686
2315,0.009704503
2316,0.9995309
2317,0.00018445501
2318,1.1318175e-06
2319,0.99999595
2320,0.99998724
2321,0.9747182
2322,0.9811601
2323,0.9993543
2324,0.0019025739
2325,0.00093472126
2326,0.99992645
2327,0.9538997
2328,0.00029068528
2329,0.99937123
2330,4.046055e-05
2331,5.2825333e-05
2332,0.047233153
2333,0.9784721
2334,0.99999607
2335,0.999899
2336,0.04646703
2337,0.9825581
2338,0.9999989
2339,0.99998605
2340,0.079439625
2341,0.06395621
2342,0.89085263
2343,0.99987006
2344,0.9999454
2345,0.108087845
2346,0.84973073
2347,0.8455339
2348,0.024700435
2349,2.256551e-06
2350,0.97240645
2351,0.0066328696
2352,0.09787557
2353,0.99998677
2354,0.0002249408
2355,0.99488306
2356,0.9360096
2357,0.9999995
2358,1.0
2359,3.12798e-07
2360,0.24262944
2361,0.024478061
2362,0.0064388285
2363,0.99903286
2364,0.9976864
2365,0.9163418
2366,0.008751165
2367,0.62611765
2368,0.9979559
2369,0.9998147
2370,0.9997104
2371,0.44631284
2372,0.99999034
2373,0.00012363037
2374,0.99996793
2375,0.936706
2376,0.9487615
2377,3.3198882e-07
2378,4.232889e-06
2379,0.022093117
2380,0.9998141
2381,0.8572678
2382,0.99995136
2383,0.6215597
2384,0.19732608
2385,0.91053385
2386,2.5036663e-06
2387,0.9157595
2388,0.999948
2389,0.19512469
2390,0.91931903
2391,0.001230663
2392,0.819691
2393,2.8003868e-07
2394,0.9999999
2395,0.0003266026
2396,0.9999951
2397,0.99998605
2398,0.6567084
2399,0.9999627
2400,0.00040528626
2401,0.7594706
2402,0.061896086
2403,0.051090587
2404,0.0006129009
2405,0.9998161
2406,1.0
2407,0.006861317
2408,0.99999976
2409,0.0069019943
2410,0.88417774
2411,0.99995744
2412,0.9948043
2413,0.03094147
2414,1.0
2415,0.99999905
2416,0.99778795
2417,3.407395e-08
2418,0.99342996
2419,0.90989447
2420,8.3074156e-05
2421,0.99999285
2422,5.5786845e-06
2423,2.3393752e-05
2424,1.2383938e-06
2425,0.9999423
2426,0.9999682
2427,0.9445933
2428,0.99978
2429,1.0
2430,0.99626654
2431,1.6785858e-05
2432,0.5885482
2433,8.517876e-05
2434,0.9974776
2435,0.99331206
2436,0.9781334
2437,1.432956e-07
2438,0.9989513
2439,0.99985754
2440,0.35037047
2441,0.98993266
2442,0.2908247
2443,0.5651488
2444,0.9999759
2445,0.996154
2446,0.99837047
2447,0.9999527
2448,0.99996805
2449,0.99999475
2450,5.5377636e-06
2451,0.00014291481
2452,2.0894477e-05
2453,0.9999274
2454,0.0029806644
2455,0.77133024
2456,1.3614577e-06
2457,0.9792642
2458,0.9992532
2459,0.0029402478
2460,0.896389
2461,0.9991086
2462,0.99999976
2463,0.88043606
2464,0.0013460782
2465,0.99999857
2466,0.9998745
2467,0.0068447785
2468,0.905753
2469,0.99961996
2470,0.9876479
2471,0.123091035
2472,0.9999999
2473,0.99886394
2474,0.027433535
2475,0.57519126
2476,0.0063503087
2477,0.6146634
2478,2.2767123e-05
2479,0.78329474
2480,0.00015844348
2481,0.98294616
2482,0.99939954
2483,0.999859
2484,0.9992693
2485,0.18750769
2486,5.2302835e-07
2487,0.9999999
2488,0.0012343541
2489,0.06998015
2490,0.9827535
2491,6.985082e-08
2492,0.99999857
2493,0.99989605
2494,5.1793868e-05
2495,0.00053502194
2496,0.9999993
2497,0.94580215
2498,0.9996101
2499,0.013007047
2500,2.3985645e-05
2501,0.9999963
2502,0.97501117
2503,0.00043285833
2504,0.39320818
2505,5.354888e-07
2506,1.0
2507,0.99999166
2508,3.3602493e-05
2509,0.9999993
2510,0.0018977058
2511,0.0302159
2512,0.9999447
2513,0.99998343
2514,0.93041193
2515,0.93886304
2516,0.15553552
2517,0.87053746
2518,0.9297436
2519,0.13762608
2520,0.9999938
2521,0.00020882873
2522,0.7872467
2523,7.5991393e-06
2524,3.516502e-05
2525,0.0005277098
2526,0.9971355
2527,0.10774203
2528,0.19125243
2529,0.99999547
2530,0.99987316
2531,0.5336536
2532,0.9999999
2533,1.0
2534,0.97175705
2535,0.00025505506
2536,0.017955402
2537,0.13242349
2538,0.66046107
2539,0.0051285513
2540,0.00014610156
2541,4.101634e-07
2542,0.00011234706
2543,0.3105587
2544,0.999629
2545,0.0043438375
2546,0.05113382
2547,0.22672886
2548,0.9971762
2549,0.18800822
2550,0.0003201969
2551,0.88674325
2552,0.009442349
2553,0.9940154
2554,0.9998467
2555,0.990427
2556,1.323101e-05
2557,9.9066065e-06
2558,0.0059562223
2559,0.9993849
2560,3.8075518e-07
2561,0.9999622
2562,7.914719e-06
2563,0.98492
2564,1.0
2565,0.49913803
2566,0.011852222
2567,0.9976841
2568,0.67874783
2569,1.587757e-07
2570,0.98915625
2571,0.00010827234
2572,2.5478564e-09
2573,2.2728116e-05
2574,0.6514958
2575,7.909014e-05
2576,0.9999871
2577,0.10058312
2578,0.8591892
2579,0.2719795
2580,0.30964673
2581,0.9999999
2582,0.99971634
2583,0.7733533
2584,0.9999691
2585,0.19187772
2586,0.0007604775
2587,0.9998518
2588,0.35076046
2589,0.9482824
2590,0.036122043
2591,1.2222292e-05
2592,0.99998975
2593,0.00056509714
2594,0.99996865
2595,0.052372023
2596,0.47750017
2597,0.72890615
2598,0.00027723846
2599,0.99974984
2600,0.00026332465
2601,0.0023438637
2602,6.2200115e-07
2603,8.415646e-06
2604,0.00013597356
2605,0.001615786
2606,0.99999774
2607,0.0017241102
2608,0.9999598
2609,0.9999964
2610,0.93526775
2611,0.9999999
2612,0.00068550836
2613,0.0010941332
2614,0.004341894
2615,0.99988735
2616,0.99977607
2617,0.99980444
2618,0.9999088
2619,0.99998975
2620,0.9933743
2621,0.99999964
2622,1.2625595e-05
2623,0.9999931
2624,0.17497838
2625,0.9656326
2626,0.99993813
2627,0.8072842
2628,0.9978459
2629,0.9997688
2630,0.9999691
2631,1.10854934e-07
2632,0.96726245
2633,0.9998716
2634,0.9999217
2635,0.99206614
2636,0.49621946
2637,0.99999475
2638,0.44882268
2639,0.99977034
2640,0.999731
2641,0.9101642
2642,2.8648145e-07
2643,0.80123276
2644,0.9999982
2645,0.00016003822
2646,0.96585685
2647,0.99999976
2648,0.010399056
2649,0.48767313
2650,1.0
2651,2.1536885e-06
2652,0.98578006
2653,0.00029803772
2654,0.16581339
2655,4.237932e-05
2656,0.27497068
2657,0.1319395
2658,1.884239e-07
2659,0.9999893
2660,0.050560113
2661,2.052234e-06
2662,3.3830725e-07
2663,2.241743e-05
2664,0.9989254
2665,0.09851677
2666,0.32082596
2667,0.00055378006
2668,0.9999658
2669,0.99778664
2670,0.99999154
2671,0.00114023
2672,0.06466722
2673,0.9953719
2674,0.5885482
2675,0.77245605
2676,0.9954218
2677,0.9982468
2678,0.9999845
2679,0.00044886424
2680,0.999902
2681,0.001022584
2682,0.95102984
2683,2.2607179e-07
2684,0.99991536
2685,0.9997732
2686,5.8212165e-05
2687,0.07368426
2688,0.90305775
2689,0.99998856
2690,0.052119095
2691,0.00016129983
2692,0.119201474
2693,1.5293346e-05
2694,0.9994301
2695,0.0787577
2696,0.99842584
2697,0.9753597
2698,0.999997
2699,0.004853699
2700,0.048711073
2701,0.056540515
2702,0.99788505
2703,0.99999833
2704,0.14973009
2705,0.0002549831
2706,0.99999285
2707,0.9910377
2708,0.9964217
2709,0.998467
2710,2.54061e-05
2711,0.0033731097
2712,1.0
