ID,Pred
1,0.08052319789765365
2,0.46626863460446294
3,0.9200525976086857
4,0.7292477596251229
5,0.20261760455987027
6,0.9711231196318018
7,0.05975806575955325
8,0.3751859862868172
9,0.40126584752924366
10,0.27152943060541723
11,0.2034940047491041
12,0.893508050510464
13,0.267807069455284
14,0.5142891628731651
15,0.6364216122168966
16,0.9023505113130352
17,0.09973378498876895
18,0.6161436839275818
19,0.9493985421844676
20,0.8558456945557358
21,0.1869131458800977
22,0.3801099053941368
23,0.1872758345802324
24,0.823858750945522
25,0.1327474765678378
26,0.493586064143291
27,0.13821996492205355
28,0.49122218583237975
29,0.23772172385717782
30,0.26072061463045054
31,0.6883593141644433
32,0.6898161183012645
33,0.8210029286710607
34,0.4251270319961007
35,0.7675233361832738
36,0.7029220027761424
37,0.45593275067242056
38,0.45521049603328506
39,0.8413882399905258
40,0.07643982651458334
41,0.8043702316990242
42,0.4148191163148871
43,0.2419706804781108
44,0.20120833690076642
45,0.13952907012071528
46,0.625151791319648
47,0.5382881076882999
48,0.34138155885252774
49,0.9189353310972271
50,0.6486552890790297
51,0.36382466397255353
52,0.6678104999262959
53,0.890101312232518
54,0.17780531838186628
55,0.0754435157409742
56,0.7357275910393889
57,0.7100075366362696
58,0.8752106129570606
59,0.6592169031362821
60,0.18133748414111378
61,0.8124372302659056
62,0.8102584485953501
63,0.9145819982723589
64,0.01890074153989593
65,0.4688696310013992
66,0.5291072223920549
67,0.6397378207473386
68,0.1900120497811668
69,0.5251765099728305
70,0.34288835018853137
71,0.4019543804592953
72,0.08205437746937093
73,0.8694047310756757
74,0.7424376413318882
75,0.5024201690356634
76,0.7761571155655423
77,0.17970314296759762
78,0.2755664126577837
79,0.6300959240909532
80,0.9817926882189592
81,0.9654695255456999
82,0.9780692561154241
83,0.48048406595770754
84,0.13901151598933778
85,0.48048406595770754
86,0.6473882975650048
87,0.0769053034558977
88,0.21011454209301814
89,0.7853635613934988
90,0.908051204732534
91,0.5087452029619552
92,0.25382738099623053
93,0.7234325962390679
94,0.3747265471532184
95,0.09499550576814994
96,0.9193719011115384
97,0.06186504713371946
98,0.11547424631392206
99,0.030366688235809736
100,0.3542164050979116
101,0.08889460808933644
102,0.5193466430371386
103,0.6454119435066121
104,0.6247595511381668
105,0.5043660816032218
106,0.12134438385941501
107,0.9508603977019083
108,0.3289919047665559
109,0.15176595023198736
110,0.3415712831400691
111,0.04346018507245178
112,0.6152912000511693
113,0.06499930734210814
114,0.9530992170794522
115,0.6445512756399299
116,0.5414602628989326
117,0.8888664899445907
118,0.2979962536480331
119,0.12271458636446435
120,0.2115834590816848
121,0.8873487955474877
122,0.6739373443689841
123,0.8873265986886211
124,0.48899025539187757
125,0.21241494151160206
126,0.1549544185272475
127,0.19045105817454216
128,0.44994942595803095
129,0.9006115968139962
130,0.7736269077745874
131,0.3650692911060748
132,0.5184383185340128
133,0.3596384213039632
134,0.941465323016719
135,0.0028809048828918864
136,0.6847913970425326
137,0.25640304431571603
138,0.5208042447465862
139,0.36847445477536267
140,0.7367017716809121
141,0.8232992146095125
142,0.6767019898197733
143,0.5765884050490282
144,0.14367266598961054
145,0.6011359398752436
146,0.16596281784141403
147,0.18965541813312256
148,0.6944398995988256
149,0.2345395462896455
150,0.06405173714172635
151,0.7938789809676774
152,0.9209438643978675
153,0.8962605430544496
154,0.2845226763352284
155,0.824681446990667
156,0.938866970358635
157,0.6849633049105328
158,0.8025290291107607
159,0.7707379016960373
160,0.047398950016244216
161,0.9752238558657396
162,0.8232806423988374
163,0.31587870354343045
164,0.17970314296759762
165,0.8456357677729394
166,0.29486035206742217
167,0.920534999324776
168,0.892065128642053
169,0.8741217676223351
170,0.7739638363985913
171,0.7974303882230457
172,0.14142826364170452
173,0.4408297822810472
174,0.7168680252859084
175,0.3260655157350792
176,0.0250504148985353
177,0.9325818785684353
178,0.955242218358308
179,0.34438312825170664
180,0.5214341690598416
181,0.9676891076358233
182,0.9011776087520839
183,0.03760475606873641
184,0.21654884299717383
185,0.6681787354860267
186,0.34927959105346384
187,0.11103686718652184
188,0.7242900832487915
189,0.5583579865110095
190,0.4888110627900983
191,0.6533549442632022
192,0.21989953679966817
193,0.3947976729137732
194,0.14445798848566735
195,0.4122192161380037
196,0.946274044230465
197,0.24399594875251437
198,0.8389205432404673
199,0.4089195285211598
200,0.3720765216912282
201,0.9543135136684058
202,0.795751930216315
203,0.7020347794708904
204,0.5933288917998693
205,0.4017287232814723
206,0.13089935752419946
207,0.5872070155967329
208,0.311042785845109
209,0.993066552626326
210,0.07635467572767687
211,0.9058842820209317
212,0.9146596345201066
213,0.779256027938343
214,0.9254235170046953
215,0.0028809048828918864
216,0.9494970767373656
217,0.19427510728109304
218,0.8674699861070216
219,0.4031642415401618
220,0.3023712956146331
221,0.48048406595770754
222,0.7226941241586444
223,0.8830154410058718
224,0.3368764861024063
225,0.7589177981494651
226,0.15569845822148365
227,0.22650465174020598
228,0.15750029218936235
229,0.2240883993499509
230,0.8809304067336012
231,0.4430812034041589
232,0.2913859714100325
233,0.27585193343361414
234,0.5916206221024417
235,0.7175209915282779
236,0.4218611147376781
237,0.984839315798314
238,0.5306805339017875
239,0.5831903385141466
240,0.7505068987960949
241,0.09480529787467805
242,0.22431577932357544
243,0.5290314127729805
244,0.26653077362860605
245,0.8119538336049734
246,0.150406295901614
247,0.7614069933835669
248,0.8207486497764184
249,0.46022654544575364
250,0.09650796199329811
251,0.9678557918877203
252,0.4433213692045269
253,0.285359417060971
254,0.11135663535933912
255,0.9026869274056442
256,0.3339059790452703
257,0.610436846461302
258,0.2677060017903154
259,0.8876511710895397
260,0.09747461634391354
261,0.18030775282423558
262,0.15014813096859722
263,0.9632034725673243
264,0.9799857787814181
265,0.9866586618815536
266,0.8681432192912278
267,0.9736276107468742
268,0.48865930095255444
269,0.6144648994723216
270,0.272219659217017
271,0.31101681786960766
272,0.21653145741854313
273,0.9309720699867031
274,0.48048406595770754
275,0.12407252185794128
276,0.6735102458104251
277,0.8798789562117874
278,0.3208448134820141
279,0.9786355088826127
280,0.6329117452917686
281,0.6855611081190531
282,0.20903146321295463
283,0.235119786961239
284,0.9916133138219582
285,0.046982676765300345
286,0.8950637736722217
287,0.3015682156045337
288,0.07711053237622759
289,0.9380936641170944
290,0.6625801712290824
291,0.0748150740090135
292,0.19138095421852314
293,0.11927987344847431
294,0.8230531166707676
295,0.6809629300609827
296,0.9775186303085257
297,0.7857354571933419
298,0.30794147912185466
299,0.8021535181847088
300,0.9177871108583049
301,0.15036529178163555
302,0.26082257919832896
303,0.9159111186776396
304,0.6480909691932843
305,0.5402624702885563
306,0.8896364345456697
307,0.6037330158196157
308,0.04566879231133985
309,0.5953006886447502
310,0.6599323401613165
311,0.12370905165088918
312,0.6379666023625185
313,0.5134600979202144
314,0.6836826729450044
315,0.3796376406104171
316,0.6248013961088602
317,0.15927016887019577
318,0.82431835021153
319,0.9740098115656096
320,0.4763881849922512
321,0.930737830279164
322,0.5737309211314274
323,0.14856109924820243
324,0.8432577913342753
325,0.6239179429319818
326,0.34704421789455125
327,0.6875739270516239
328,0.9370697026334167
329,0.7608781590451819
330,0.936726641868129
331,0.871951827732659
332,0.49229636602053256
333,0.09919336575967938
334,0.2899320861024314
335,0.23536029708927145
336,0.21037223532182275
337,0.34101348892695077
338,0.716067511235154
339,0.8296169108659626
340,0.45512207457337495
341,0.5413111152033341
342,0.3940576253760597
343,0.20888037800392517
344,0.3520620922267926
345,0.20893928349124427
346,0.6390375803600362
347,0.7848792129963829
348,0.5538455394957321
349,0.7514614686096184
350,0.18029800864403467
351,0.06452868158998946
352,0.7898559036125078
353,0.3585557013124658
354,0.8514748624445413
355,0.9633189812980167
356,0.07638901495687858
357,0.38355963935764814
358,0.8058604791406048
359,0.6411007566423828
360,0.9069466380769237
361,0.9553905043552039
362,0.22325341758564926
363,0.10954699855732049
364,0.5501493437093496
365,0.5552985720918499
366,0.09799005240009949
367,0.4831305160773999
368,0.03317377198173618
369,0.8878197579949791
370,0.8268889195297419
371,0.5115884410424356
372,0.8502722473245896
373,0.8888214413558023
374,0.7534802703239397
375,0.723911779920859
376,0.8420842498731158
377,0.06896023006819992
378,0.9411848029385209
379,0.9066248406808922
380,0.9407841070669367
381,0.3689673978905003
382,0.35890260724393624
383,0.8717363153700284
384,0.9805821176786355
385,0.9694209465998591
386,0.0469477258566281
387,0.04800475013404126
388,0.5427742195312258
389,0.24508255978223395
390,0.8513771405271788
391,0.4459407924899911
392,0.4866008270436243
393,0.09377615580299731
394,0.3278152204399799
395,0.704142450538267
396,0.8723142459633891
397,0.7649555345801088
398,0.16318238848451766
399,0.9274290458921725
400,0.8816519415923635
401,0.9133095213019052
402,0.908164185125221
403,0.22342215055614736
404,0.2769026259591205
405,0.8828817423911345
406,0.12323442990749886
407,0.1847815389673086
408,0.08800767586559188
409,0.19943548025812557
410,0.09527676898059853
411,0.881542936164293
412,0.9215440416635926
413,0.8726727796527424
414,0.5123068666254051
415,0.7250427999823096
416,0.4795908361912911
417,0.2877278751166207
418,0.8437149428315823
419,0.9274120788946845
420,0.6261319869024755
421,0.15689768816311053
422,0.8213518935658508
423,0.34433254073529185
424,0.47330795529620284
425,0.5349583549106308
426,0.08349301332309826
427,0.18433474948697748
428,0.6133624339812477
429,0.9775777744425204
430,0.3843032957498234
431,0.028105538763635047
432,0.960184598096012
433,0.30911520354102845
434,0.1512940393711912
435,0.8807589860505128
436,0.5308947869118433
437,0.8599973470345893
438,0.12151982699100917
439,0.32458308524008644
440,0.24492307697625906
441,0.4267917069716267
442,0.8827537913446463
443,0.9171447335776943
444,0.3573651107140622
445,0.10212708885732948
446,0.6428995725341412
447,0.26358882070651873
448,0.8907529736970359
449,0.9459605854711322
450,0.6024067360368456
451,0.03449518486540345
452,0.11840921213134838
453,0.09918674178495838
454,0.9926093588045665
455,0.6952263676867275
456,0.6118190481503277
457,0.693394819909657
458,0.8995336297647248
459,0.21521283098463243
460,0.8071313825408767
461,0.6848557117875989
462,0.6674921450037555
463,0.9939470108474303
464,0.8225448788864975
465,0.26176690390292534
466,0.32834917525213747
467,0.36656878856795916
468,0.7140677643208763
469,0.6296439487667733
470,0.5507136315166804
471,0.959625926986054
472,0.10487938350834504
473,0.2243778432589022
474,0.8527057601651268
475,0.9240639288150527
476,0.3502170957856473
477,0.7468249194763197
478,0.22128117248742374
479,0.74634273821585
480,0.8445980976191682
481,0.8314280325473757
482,0.3492090318710312
483,0.824316361397297
484,0.15531585820592142
485,0.8874327804535129
486,0.889899300061553
487,0.7997141087005736
488,0.33408724316844063
489,0.2067763310806277
490,0.0643918194074056
491,0.9120811832303841
492,0.9197780547154265
493,0.33497864662074944
494,0.979763580622786
495,0.5660342467115043
496,0.19020773714126105
497,0.7817717675975916
498,0.3232488801567375
499,0.9742538534111423
500,0.9245520687194625
501,0.25292296932102426
502,0.844139312015454
503,0.046839818060600134
504,0.5276743173410363
505,0.7446349354434003
506,0.56311461967597
507,0.07381969924395533
508,0.47399710978639953
509,0.4208966713542729
510,0.89634759962777
511,0.935834598408704
512,0.9208662931531134
513,0.8579812961759458
514,0.6165148269206271
515,0.3298707390007769
516,0.3796550365701784
517,0.9755372478957971
518,0.1453250500756007
519,0.14546021502546058
520,0.158238641161627
521,0.5139509751486693
522,0.698009246685853
523,0.7502327568295359
524,0.9390721755162944
525,0.10664623426998925
526,0.26274369123268937
527,0.074321343812266
528,0.5562648945416095
529,0.5334306782912993
530,0.12821709894338462
531,0.042122906893133104
532,0.6216320701852627
533,0.06299943904988888
534,0.32436468010210845
535,0.8981526782116221
536,0.516459346408951
537,0.8247814456977905
538,0.8886768447458786
539,0.7315162000123805
540,0.17648033678737507
541,0.7914398756534298
542,0.8322915294997345
543,0.6531336890623152
544,0.6445331926728555
545,0.8231933778142168
546,0.27650430169719253
547,0.601901203698394
548,0.2699002977533705
549,0.37965952974265177
550,0.22995306950328745
551,0.18702569032973332
552,0.09945633079062711
553,0.7702308572979732
554,0.18687212421308308
555,0.8726493141768799
556,0.32154722285778753
557,0.0898531743315072
558,0.514875071025017
559,0.9912937864848648
560,0.8458655287666773
561,0.5480418125470621
562,0.6413910189053258
563,0.9391559035262774
564,0.06142796451736899
565,0.7060173872072718
566,0.550462868835378
567,0.5423879934377681
568,0.9773493852411381
569,0.8680181406097293
570,0.14985287359635444
571,0.5842502983314634
572,0.8066826338722073
573,0.9017296706640852
574,0.49166941627265176
575,0.7101689543982115
576,0.10999172877508932
577,0.3383447672502754
578,0.329046147460756
579,0.6039146381995977
580,0.752443025804096
581,0.22165451793433347
582,0.27229701423638286
583,0.5384693194422749
584,0.977044544264877
585,0.342262614066458
586,0.8728095943298145
587,0.5062231358352705
588,0.24189039584908895
589,0.36617709203726073
590,0.4486105989972694
591,0.9093608533677964
592,0.9361900384161768
593,0.9210419001440423
594,0.8780697320832219
595,0.9466615391731684
596,0.3577764533238765
597,0.24045345739969207
598,0.9341293550125545
599,0.5292257392709825
600,0.06197171471362649
601,0.0827122425403324
602,0.04486463270626957
603,0.13819967798712743
604,0.8927667368023118
605,0.6409966401684594
606,0.08343522262565575
607,0.6243219943395719
608,0.70553160712953
609,0.682321101045299
610,0.358419746846601
611,0.36933704487325864
612,0.9091296652682275
613,0.9745270068897263
614,0.9316670958671621
615,0.30016766482566043
616,0.6784344376778672
617,0.7060782347514593
618,0.7040915335949108
619,0.9179126029151349
620,0.20911680720168976
621,0.5551164969008189
622,0.9715277431421857
623,0.7045044548654303
624,0.40991864663782845
625,0.45324849154695174
626,0.7355591097226867
627,0.3728710817055148
628,0.6192049889953516
629,0.7916983524327343
630,0.8672332354748851
631,0.6006015027685683
632,0.9262540039259181
633,0.21314811067715878
634,0.7314900912529623
635,0.16745122339577412
636,0.07516982680361306
637,0.7612205308886056
638,0.8961663730597194
639,0.40968594361588656
640,0.8161699924221606
641,0.16515841416093027
642,0.5050544303339349
643,0.985808088212252
644,0.32739861187358205
645,0.15057626219947937
646,0.963025386054321
647,0.1698797824083119
648,0.16333144582365097
649,0.295366171550929
650,0.7939450821679321
651,0.5031813035268391
652,0.47681002937902117
653,0.6547940464664916
654,0.40627268094242197
655,0.8834001949089608
656,0.8347129791830585
657,0.8722321874745436
658,0.09282966989329082
659,0.3718379555709166
660,0.8431233053940729
661,0.18683009711401974
662,0.5524170984727008
663,0.8722511102756226
664,0.038672798537767554
665,0.2588277056665573
666,0.9757549360864611
667,0.8952014302284137
668,0.7739810849812836
669,0.744649118598365
670,0.37855282855265526
671,0.6707629705361565
672,0.25916416394596575
673,0.6130654688082199
674,0.9352415811744124
675,0.7939470060346369
676,0.06530603244808642
677,0.7587657739013794
678,0.15845231876016116
679,0.5276799128095847
680,0.9064351296040538
681,0.8642877422326181
682,0.9694582391298612
683,0.22231829470966855
684,0.4428356629566111
685,0.4655332232772712
686,0.6049392460912563
687,0.6949959268887478
688,0.31693414725976765
689,0.24352481378177562
690,0.5760848623699083
691,0.47928110128783
692,0.6798160865887259
693,0.9447461293983773
694,0.11318917016525196
695,0.13293484612217013
696,0.918099815189266
697,0.805279746731119
698,0.10954409067439139
699,0.16111484687976585
700,0.3509037204348733
701,0.31498108686442633
702,0.6455895474477774
703,0.14703256357525765
704,0.17778879333395325
705,0.41550694957819245
706,0.2131480929690765
707,0.4560580863223972
708,0.9239114694709352
709,0.5639696901708308
710,0.8709649960153539
711,0.7551205178546267
712,0.9889524217859819
713,0.3671946310950998
714,0.23438369081968033
715,0.08468513674159386
716,0.7162682040374909
717,0.10663374471661055
718,0.9898011463149423
719,0.10150557125530696
720,0.56859529149944
721,0.16692110954163164
722,0.37415530114779766
723,0.7490404597550363
724,0.3972433010098875
725,0.38323109799531124
726,0.37268715059315854
727,0.25243995030956146
728,0.819075312372053
729,0.21385662780356607
730,0.4513158555631251
731,0.6100497098143276
732,0.694132348473908
733,0.947983640261613
734,0.060494933364747455
735,0.031550394973974605
736,0.42690010659644007
737,0.1307447559561464
738,0.8212694433875877
739,0.6500187212205946
740,0.4768944738635682
741,0.16956420282915635
742,0.9146392421060101
743,0.9714534419992835
744,0.6770159791382448
745,0.40498590886572394
746,0.8332589066887592
747,0.4389769092633301
748,0.354024285561897
749,0.747608486291508
750,0.9559282573226796
751,0.48825600788540663
752,0.07516982680361306
753,0.4580942084148267
754,0.12910054112539962
755,0.9862931278368129
756,0.7711964408899291
757,0.8940888129371444
758,0.6162013463019068
759,0.4249226890523205
760,0.7978092851661024
761,0.1414190151166123
762,0.717129538377303
763,0.7151773873981621
764,0.061638197068210436
765,0.5106300460182241
766,0.7688508423067988
767,0.7296895098273611
768,0.07157303790322435
769,0.06771745931746628
770,0.2115553196218483
771,0.2751461091631398
772,0.792183339568799
773,0.9286320308371212
774,0.43459695004172544
775,0.22535476550502634
776,0.2586101323040942
777,0.22871955654395626
778,0.3689171049379719
779,0.15992649737342968
780,0.9345683298247559
781,0.23432060833782303
782,0.21550594041731982
783,0.0853887595696495
784,0.5531929639637633
785,0.5068136750601002
786,0.8129137594939951
787,0.48048406595770754
788,0.8651670408698345
789,0.9215834539399615
790,0.7823132131381539
791,0.19143697807148272
792,0.9142456866211027
793,0.017886137896697338
794,0.939178517940512
795,0.6243884294513317
796,0.3528224696889088
797,0.6461574293210617
798,0.8952057628876174
799,0.7907049979343967
800,0.660841031393902
801,0.9208571549294053
802,0.9300150587212166
803,0.24527122744980343
804,0.9645971823036785
805,0.2122070847102106
806,0.8620301366746366
807,0.19744826044351307
808,0.990641388310826
809,0.151623897401491
810,0.06945046037634724
811,0.9368330015525329
812,0.7353877056635547
813,0.16786940741425874
814,0.18373816965785914
815,0.9487894920549541
816,0.16120666375253045
817,0.32532025774304324
818,0.7978910205338765
819,0.12185579765758216
820,0.246264957342826
821,0.8849280215863518
822,0.48273101357684084
823,0.2368122819029054
824,0.6586344500851479
825,0.16377049703036273
826,0.15621176681777785
827,0.09312004964766675
828,0.4675645034103594
829,0.568408543981932
830,0.41163680503091243
831,0.19608767812156025
832,0.54561938934428
833,0.3409678005356575
834,0.648486110289674
835,0.7836132144190558
836,0.9911543127627577
837,0.48048406595770754
838,0.24399022906177378
839,0.5125087155377276
840,0.34201359837745676
841,0.7252967353851919
842,0.8237621472572422
843,0.6125541998451172
844,0.23893010524137664
845,0.6392871255803575
846,0.5773563558966249
847,0.9043406884846358
848,0.8705230257919878
849,0.40353471241578764
850,0.8514608888258225
851,0.6412984369186363
852,0.9213977353439147
853,0.6822163300341262
854,0.7306502803490961
855,0.6205817847423467
856,0.05896662278288714
857,0.7659345667624801
858,0.9539142274869674
859,0.7170580838425655
860,0.9256530860133251
861,0.10959057717131364
862,0.32702001118934243
863,0.6459749234942693
864,0.4548824228108182
865,0.29264150588977034
866,0.4903420847541443
867,0.1781485978011276
868,0.4263698721157814
869,0.9263215056098476
870,0.2706439165764371
871,0.5557967362131325
872,0.804385542371902
873,0.28300551278934244
874,0.6867146461831655
875,0.41698447788473386
876,0.38370799531746413
877,0.46555017126576503
878,0.26407385697902647
879,0.036216379036457996
880,0.5497300388860251
881,0.17368774931825068
882,0.4767892612718386
883,0.5629802091355489
884,0.937315569360146
885,0.7475216918292926
886,0.8114098501151883
887,0.11728716055452666
888,0.30004145114223074
889,0.9868688425325834
890,0.671973904568418
891,0.9794967264745007
892,0.3401551928464358
893,0.18277713398681117
894,0.4053078474668088
895,0.8462109969190488
896,0.753311633882534
897,0.10800341976256857
898,0.8377159170587344
899,0.2793909856470169
900,0.8432768527861098
901,0.016515622331744913
902,0.9931847463348327
903,0.7533502411560604
904,0.27795880561045005
905,0.07829243482490109
906,0.883933074969967
907,0.9176217447633382
908,0.5852180352767394
909,0.8373466789103093
910,0.9764533669335995
911,0.9342494321656477
912,0.7924257740055716
913,0.6482793590801839
914,0.2719833858374067
915,0.9735229668197108
916,0.5272163899545083
917,0.26998307922071946
918,0.6415168031551164
919,0.12825737053150008
920,0.476778556685331
921,0.5186472986788434
922,0.8677637914498363
923,0.739426399205109
924,0.9756133475614138
925,0.9585280319712588
926,0.8483102230662886
927,0.9186739510333672
928,0.987557325568791
929,0.218353457665858
930,0.20425297234679068
931,0.8544561964678341
932,0.7651471655292683
933,0.7476677002211473
934,0.2096825447754574
935,0.13117102402512465
936,0.898816529162728
937,0.6196134160813651
938,0.08522748087890686
939,0.9344849689948842
940,0.17190213604197116
941,0.8279333850389129
942,0.7860198796983687
943,0.27840470505436865
944,0.2232393562234093
945,0.3372576824661926
946,0.4447140904387414
947,0.042634057427189606
948,0.576536228637797
949,0.6268675849751346
950,0.8303974093435647
951,0.458785863535338
952,0.44332075798836135
953,0.9480637641435614
954,0.05427425722151516
955,0.8823554067411129
956,0.4179710472891198
957,0.9524766695574106
958,0.511822185690201
959,0.12005407044477856
960,0.07981438912004121
961,0.38544238145628856
962,0.9745445910844183
963,0.23643003757263553
964,0.9477766386350932
965,0.7996209535852633
966,0.01131761276768291
967,0.8417012810816175
968,0.23653577054640895
969,0.8231699504741044
970,0.4249604395988351
971,0.3970165928355047
972,0.26500322599031256
973,0.7356923896492954
974,0.27415483509229216
975,0.30130437116822967
976,0.7908615979627479
977,0.17759487090004905
978,0.31222256796921055
979,0.4732963483989848
980,0.06000045742542059
981,0.5603456666879177
982,0.6959328483522941
983,0.7350521897868733
984,0.43951932542076283
985,0.26664376459949907
986,0.30227907268861226
987,0.8914587869355628
988,0.39099834790430904
989,0.9576714135806115
990,0.4696136939186747
991,0.1910929472570528
992,0.1741860723968842
993,0.04064933990028962
994,0.7515406471073157
995,0.44918594465751577
996,0.5938146521799081
997,0.7150628747171307
998,0.3795128178263363
999,0.32566734703740624
1000,0.3395459006106362
1001,0.10504067980163181
1002,0.40679099902253024
1003,0.0074286599410457645
1004,0.6291617474739163
1005,0.8858692205626638
1006,0.10786996704189272
1007,0.7666253470724765
1008,0.7936313168949725
1009,0.29721884583256625
1010,0.4423808573533041
1011,0.5352472072087293
1012,0.5870884182383759
1013,0.5670920577528793
1014,0.7086319886802039
1015,0.7756311044484607
1016,0.2378978473516948
1017,0.19474004202596876
1018,0.15300339093084409
1019,0.21741968034685488
1020,0.6132256178727701
1021,0.8212449841322581
1022,0.9178395871089265
1023,0.5781150273320649
1024,0.48200122968465436
1025,0.27652763006925174
1026,0.23233069627670544
1027,0.9714028717938821
1028,0.34430598526966383
1029,0.27349757033028893
1030,0.41114289598076464
1031,0.5511898121590495
1032,0.4318651624823771
1033,0.4796601280854724
1034,0.7479000337228404
1035,0.7394455611843066
1036,0.8340722397024071
1037,0.5316833158590931
1038,0.5129855973633511
1039,0.25472577335129726
1040,0.7424125052272113
1041,0.061908192588537525
1042,0.9779038159914615
1043,0.2504158773711104
1044,0.48481141562586466
1045,0.6725075511104514
1046,0.24891970352896176
1047,0.1587173679897054
1048,0.5322672080909522
1049,0.4133855307780409
1050,0.8344779968473967
1051,0.8469997938760288
1052,0.8936875767148063
1053,0.13379798254440697
1054,0.8255436386335547
1055,0.49000540566525363
1056,0.5180389721512216
1057,0.2402450766509948
1058,0.35682307615787134
1059,0.9008132921317134
1060,0.13178328377052206
1061,0.6835029829292939
1062,0.12097309135659005
1063,0.2656663772319135
1064,0.2507327064443522
1065,0.9482922594324675
1066,0.6601717138531924
1067,0.1422893029711792
1068,0.7214002597638598
1069,0.3016624511136847
1070,0.8546463028390724
1071,0.38574397913307074
1072,0.9094165150146497
1073,0.7142702959235526
1074,0.9627165593775517
1075,0.20107158316790394
1076,0.09943318016556699
1077,0.9893034779950791
1078,0.19340217667685858
1079,0.8105080040771989
1080,0.21610326098334062
1081,0.8821244398589406
1082,0.9229336736030839
1083,0.13021762263992417
1084,0.1966499339902412
1085,0.39340497483397735
1086,0.17215085465407165
1087,0.18370398334736862
1088,0.7994607173293837
1089,0.42825545751301164
1090,0.4257631670082269
1091,0.5950430314946
1092,0.56094391107046
1093,0.4942520987211192
1094,0.767998690266161
1095,0.8006561064438736
1096,0.2507856489946892
1097,0.3106657964449541
1098,0.8737311535317249
1099,0.6260921015282596
1100,0.024947770914603314
1101,0.807860645993939
1102,0.25618100984135417
1103,0.06137933881498977
1104,0.30219037258578635
1105,0.3374182752756341
1106,0.7874435278361153
1107,0.5871375220252742
1108,0.7382830607620752
1109,0.17858805798680846
1110,0.39170121694029725
1111,0.7952367715790702
1112,0.012214457750316281
1113,0.5014961870785999
1114,0.6630731289783106
1115,0.12720963607021937
1116,0.8816416553429017
1117,0.8945816693439397
1118,0.917007269322245
1119,0.6584249636189007
1120,0.040817476800127386
1121,0.6090795918244486
1122,0.5514076737598973
1123,0.7861627535443146
1124,0.1434343510852784
1125,0.4698475166431912
1126,0.6252493750806399
1127,0.8462946123522213
1128,0.2482089991085707
1129,0.1833081901770944
1130,0.48048406595770754
1131,0.9276590530755391
1132,0.5403864468573122
1133,0.9278237659052243
1134,0.12521681229492732
1135,0.82280976869079
1136,0.921222188479255
1137,0.3433254142582186
1138,0.25257547239667716
1139,0.64697177750436
1140,0.8063570098235743
1141,0.48048406595770754
1142,0.2487725668992583
1143,0.4286519480939528
1144,0.8741438157478151
1145,0.21293497208339254
1146,0.2721053497961851
1147,0.4141588617453922
1148,0.08581690159882192
1149,0.2500230838606672
1150,0.29032795215840895
1151,0.8685928497491779
1152,0.9209438643978675
1153,0.2084779472009618
1154,0.7368582116417209
1155,0.880118827790007
1156,0.7926025164603986
1157,0.4438764529413517
1158,0.9724024233957415
1159,0.7686655720870994
1160,0.692227358361962
1161,0.8705480210686243
1162,0.8805126287608749
1163,0.7735248896377414
1164,0.09900254448071634
1165,0.959227503818321
1166,0.8961439409322344
1167,0.3103154631031361
1168,0.46676928260318323
1169,0.25981460331745715
1170,0.14947046838223793
1171,0.8679028445509102
1172,0.07231802615876783
1173,0.9477422906039096
1174,0.11283601234219381
1175,0.073636533899513
1176,0.9931847463348327
1177,0.10449042391973702
1178,0.7997909705434592
1179,0.25878180002241813
1180,0.8211748404710986
1181,0.8000866878068871
1182,0.696969206808493
1183,0.5229960810234533
1184,0.6446041092509301
1185,0.1762678774840758
1186,0.6673313319791361
1187,0.2355094993070084
1188,0.3778892855184484
1189,0.1582535601284546
1190,0.6871813643124075
1191,0.5054996892796545
1192,0.8886911447856716
1193,0.9230150310453012
1194,0.9441006965119552
1195,0.13454321301789543
1196,0.3568229006958301
1197,0.10207645804249131
1198,0.7894735039212033
1199,0.8304692087715319
1200,0.8429033048726433
1201,0.24443362454555215
1202,0.7724577640118906
1203,0.6202833282156692
1204,0.8975349446379947
1205,0.589711250894443
1206,0.25747421233950946
1207,0.6133615130910924
1208,0.5568839449515185
1209,0.43786894337990767
1210,0.15937027849583993
1211,0.5105336538073706
1212,0.8629804948145763
1213,0.2617488274482182
1214,0.05241570811825071
1215,0.3878973805462373
1216,0.5177692761938436
1217,0.8963261859084892
1218,0.5857399873994379
1219,0.9753093445175111
1220,0.3319653511528357
1221,0.6997417756325631
1222,0.35519604391865045
1223,0.6112412171390966
1224,0.05176613284591012
1225,0.5776408265490747
1226,0.195420665020265
1227,0.9433561481767553
1228,0.32092808253538946
1229,0.9064838287380466
1230,0.11461416928428317
1231,0.1407365687736422
1232,0.025113191240190093
1233,0.9408962403960758
1234,0.41359369519423217
1235,0.9167740008410982
1236,0.7488257801974487
1237,0.9890846903462844
1238,0.1816370372697529
1239,0.9642937905055011
1240,0.895434999015136
1241,0.7654264998597589
1242,0.8475535082492222
1243,0.9609618044533903
1244,0.5824320676849397
1245,0.3320857575115115
1246,0.6297092380371851
1247,0.9517416600912468
1248,0.5018919490776897
1249,0.12168001530210894
1250,0.09982344023894747
1251,0.5464283681463076
1252,0.7557202745793564
1253,0.30632122029157277
1254,0.2734322300295438
1255,0.9931847463348327
1256,0.18451395091202963
1257,0.5363838504374638
1258,0.7607578342032486
1259,0.9175586023380764
1260,0.658456081794938
1261,0.4966496656199841
1262,0.2290370652867368
1263,0.9091129826081531
1264,0.11677065060540348
1265,0.8733208486556442
1266,0.401999618163947
1267,0.44166270031854515
1268,0.19334370301350343
1269,0.7419371012492146
1270,0.9272167348387466
1271,0.6103053914081003
1272,0.8617080773992227
1273,0.09521848812025374
1274,0.7747637205472824
1275,0.2320579159109719
1276,0.1491600562476303
1277,0.19327697985667086
1278,0.9766599100008891
1279,0.9605952947520938
1280,0.10431238173505972
1281,0.9449644144200013
1282,0.7956389978107629
1283,0.7757744064450448
1284,0.9246743455193507
1285,0.7781178539029632
1286,0.6268750692755449
1287,0.06675333365425173
1288,0.004255809438992789
1289,0.11352166379958227
1290,0.5455113447528017
1291,0.2927145389357936
1292,0.7587562400367515
1293,0.9675893633998148
1294,0.9566389035431904
1295,0.07326301954715234
1296,0.4109416366080393
1297,0.4929195496159034
1298,0.39623345935113563
1299,0.7166590383778839
1300,0.9715295326841491
1301,0.5977685405644433
1302,0.8102740115281
1303,0.5983826683866083
1304,0.6460935142115158
1305,0.13998880421736018
1306,0.25504564794162904
1307,0.1807239558773775
1308,0.2672939165224168
1309,0.8239322622497506
1310,0.5951639287240421
1311,0.5314367495119565
1312,0.720865656952232
1313,0.7562633001829906
1314,0.08936744065854434
1315,0.2957837518144669
1316,0.2020185048845696
1317,0.23910798597028382
1318,0.494036921792299
1319,0.023150524105266964
1320,0.9682997863661083
1321,0.1712682071948631
1322,0.20569649318252659
1323,0.2027619892783237
1324,0.9301596876146241
1325,0.7055808028489107
1326,0.9513157042857107
1327,0.5660996850610615
1328,0.3432599449705543
1329,0.42897301061668697
1330,0.4199802387619783
1331,0.12831738470591636
1332,0.6407223026162088
1333,0.4568804685606085
1334,0.6703445805040383
1335,0.31087269324680844
1336,0.12935565520916895
1337,0.3697452206779883
1338,0.8598930347342919
1339,0.2572591834818649
1340,0.26433964224126805
1341,0.3615429186888947
1342,0.5070095167150599
1343,0.47790846239206836
1344,0.677895078506835
1345,0.3203327532101642
1346,0.5092862534042002
1347,0.5520514837988462
1348,0.015611342770653635
1349,0.8951164502963531
1350,0.24947610395672476
1351,0.955189729291323
1352,0.8673455179428202
1353,0.6272423204830869
1354,0.7682034503888421
1355,0.8201054088417742
1356,0.933965572902057
1357,0.2153148582499617
1358,0.4519924968609827
1359,0.1329326576942395
1360,0.8125689959893733
1361,0.5465954762661186
1362,0.6087761786256536
1363,0.94197686826273
1364,0.664241714247865
1365,0.7457469667270565
1366,0.49863542352624957
1367,0.11904286022014905
1368,0.11159432179679224
1369,0.4788582982947761
1370,0.7453497113037375
1371,0.9840420291938387
1372,0.41533369483563876
1373,0.96837455882535
1374,0.48048406595770754
1375,0.5861281394142988
1376,0.935490822934569
1377,0.0028809048828918864
1378,0.3217787944378664
1379,0.9838544294445977
1380,0.47573070072196444
1381,0.48048406595770754
1382,0.15239414689960565
1383,0.9189878065536672
1384,0.303986495134706
1385,0.8702859626381207
1386,0.9764534492099811
1387,0.9194586099879622
1388,0.42163892726671887
1389,0.9026117821097275
1390,0.5666015092286671
1391,0.5383071415308568
1392,0.08911285481285863
1393,0.9581742718045828
1394,0.47211693827848283
1395,0.3218310076052975
1396,0.4139095705486212
1397,0.07230962878982215
1398,0.7529730392955517
1399,0.48765727954436033
1400,0.9425887597821764
1401,0.2158525006096145
1402,0.36143048389425453
1403,0.45757475231114647
1404,0.48082148288355786
1405,0.08943914019260991
1406,0.09558705072420154
1407,0.2443539119736895
1408,0.9911543127627577
1409,0.048265966726517
1410,0.3537920242672836
1411,0.07017152571671213
1412,0.17950690749309758
1413,0.9825699904159373
1414,0.7986196802327559
1415,0.04274209308157483
1416,0.019675969442142453
1417,0.7298806744683205
1418,0.3186792480556121
1419,0.17127430798389257
1420,0.4400363096794238
1421,0.24216911968783977
1422,0.869476460639427
1423,0.5156543398308875
1424,0.7330847854065738
1425,0.711153889183736
1426,0.8194003609693756
1427,0.9831123771459447
1428,0.2641011859992148
1429,0.4743152063042196
1430,0.6751943671272598
1431,0.05400327617832357
1432,0.8335626105865485
1433,0.29083763806490853
1434,0.6210607582819146
1435,0.5215346754569595
1436,0.5146471695545272
1437,0.2613896750307673
1438,0.7637383193840013
1439,0.34796044845007906
1440,0.8880767908805616
1441,0.9647176611849076
1442,0.27496978148517287
1443,0.6488833880362535
1444,0.9660673183749888
1445,0.43048930289048754
1446,0.19762554581124486
1447,0.8770279080306139
1448,0.8321856284041539
1449,0.26512214974331666
1450,0.5523148096704265
1451,0.16095481205503395
1452,0.589525551239744
1453,0.7723061999737943
1454,0.8021107171777164
1455,0.38041710111791305
1456,0.590852407541411
1457,0.08090928822923656
1458,0.5848363625368255
1459,0.31800301091480626
1460,0.016566352219728655
1461,0.11570816413569258
1462,0.6540763564668133
1463,0.8282404293991426
1464,0.42752409500197414
1465,0.6596718903453699
1466,0.8096545636999828
1467,0.08948981639759762
1468,0.8883675682047558
1469,0.5194506574118383
1470,0.8930464298729507
1471,0.7009016701626691
1472,0.8681122841684913
1473,0.12744380001124192
1474,0.8662906996106696
1475,0.24022593403190656
1476,0.8978547328735844
1477,0.7408563651944686
1478,0.04231119073313667
1479,0.9457743700562287
1480,0.6892687717531615
1481,0.40674124322336647
1482,0.38708072744599076
1483,0.04367916141445254
1484,0.03636235711881638
1485,0.23160204658241856
1486,0.2677740079617734
1487,0.06985969354032122
1488,0.5196417126923083
1489,0.8652479667022825
1490,0.20568358103093487
1491,0.7591820232012961
1492,0.7230239148702604
1493,0.8677637914498363
1494,0.07058667053368674
1495,0.39061093602017
1496,0.3509786097155556
1497,0.9779043834797639
1498,0.48048406595770754
1499,0.6338420695886631
1500,0.6544408200567664
1501,0.8136211235438191
1502,0.8721947382269287
1503,0.7945737196552283
1504,0.7071188521124497
1505,0.10455437147913021
1506,0.2907464463694357
1507,0.27218062967213574
1508,0.9303419961004719
1509,0.293844191918253
1510,0.6939302207928321
1511,0.41532199469090336
1512,0.9120811832303841
1513,0.8706838031255304
1514,0.590273589067474
1515,0.2555608129849968
1516,0.8911897265534466
1517,0.3940576253760597
1518,0.9378151043364586
1519,0.9830358755764319
1520,0.6502200267147816
1521,0.3964785482568138
1522,0.10373140721327805
1523,0.33982901446661457
1524,0.47716193493210735
1525,0.6313877205016619
1526,0.9362170080834242
1527,0.3941233648272288
1528,0.2834594143336318
1529,0.3811884010157377
1530,0.5279027624397363
1531,0.9727969045469466
1532,0.5496887942648689
1533,0.04452694555255477
1534,0.674622272608935
1535,0.866935533112337
1536,0.9830712564428057
1537,0.9346740729349545
1538,0.2736653519802729
1539,0.6404279660707696
1540,0.05584823682252714
1541,0.8422754081004363
1542,0.09346719758574025
1543,0.1001229101430829
1544,0.5425592535427375
1545,0.8038567564835926
1546,0.5306295382014974
1547,0.38009701346218117
1548,0.7747026642448627
1549,0.7167658118755317
1550,0.16065546205574074
1551,0.9671665054289015
1552,0.982106780882645
1553,0.22514384778071841
1554,0.9424225754701561
1555,0.6821387210778428
1556,0.8611292890547863
1557,0.9720859988670348
1558,0.7558460490043809
1559,0.9774016884780242
1560,0.981002877150173
1561,0.1762690711581582
1562,0.23449853593041994
1563,0.3067438007609613
1564,0.8602990960083736
1565,0.8587714641773596
1566,0.16838398425092363
1567,0.06194276358099699
1568,0.5150727521157453
1569,0.25398907518860275
1570,0.1320110139766587
1571,0.6272226134497421
1572,0.7271329121795714
1573,0.6045576664392834
1574,0.6732170116460632
1575,0.3891596384211573
1576,0.5354860202353969
1577,0.16703885213357333
1578,0.21850799821317893
1579,0.9827246838200259
1580,0.9592595191333955
1581,0.6280140729237215
1582,0.6969698543669433
1583,0.8873082926796011
1584,0.18714893837449983
1585,0.27678091442684183
1586,0.8463472794668014
1587,0.8490352374691194
1588,0.3285267388860684
1589,0.4117395088405881
1590,0.12227623428379614
1591,0.04876399507183745
1592,0.5950503818514307
1593,0.6937407965975367
1594,0.4640758097888574
1595,0.9091815308100415
1596,0.9541537686862077
1597,0.5326255165618637
1598,0.6300491943029288
1599,0.965046523089155
1600,0.8774747957452056
1601,0.7623180306603865
1602,0.7150709786797094
1603,0.6750243161079409
1604,0.5014961870785999
1605,0.6260247456525521
1606,0.9022397850731086
1607,0.2445806412567617
1608,0.8300950264039612
1609,0.6596638957156976
1610,0.6723482842630689
1611,0.790146944513321
1612,0.5954383965563264
1613,0.2795617509105795
1614,0.9381261235233708
1615,0.3240890042902505
1616,0.3824797991104325
1617,0.7601405019823175
1618,0.20682373767912177
1619,0.027021030295459103
1620,0.15009348429081273
1621,0.9679988038399667
1622,0.47723320200057606
1623,0.9331860708652147
1624,0.36301729524838466
1625,0.8897390540530501
1626,0.4230563867218962
1627,0.2500287365597804
1628,0.6735992253385544
1629,0.08286462539636351
1630,0.984267675061392
1631,0.06457858548651654
1632,0.4536796766282793
1633,0.5097844397337115
1634,0.7952394351420996
1635,0.7856646483578509
1636,0.3934041055422314
1637,0.7991690941844181
1638,0.9502050923102072
1639,0.17748720654436076
1640,0.8767837782226956
1641,0.11735729223430118
1642,0.2913244304035415
1643,0.09537501997220617
1644,0.5341552854604893
1645,0.5477540951900719
1646,0.5093287102349343
1647,0.7793215515454652
1648,0.2617629754532565
1649,0.2581585828528888
1650,0.5611762933336489
1651,0.5503299154755195
1652,0.33471928155548375
1653,0.3197141363148753
1654,0.7643943828589741
1655,0.3253056919764611
1656,0.17183498441566597
1657,0.09975593996820095
1658,0.5037009734110548
1659,0.9781725031522074
1660,0.2549824240731443
1661,0.511261304367215
1662,0.8876478466319799
1663,0.4354434900986808
1664,0.989004618777737
1665,0.3495429100700957
1666,0.5459787554140446
1667,0.0557496632156977
1668,0.3683732764441741
1669,0.9252630382981225
1670,0.12559467247313302
1671,0.1001832618426069
1672,0.7154151744501451
1673,0.8199024001551576
1674,0.9374205578883098
1675,0.40810628496666107
1676,0.8926686804415729
1677,0.15844105762463404
1678,0.9084543481061386
1679,0.8170860987477443
1680,0.7874163886637081
1681,0.7659547801752038
1682,0.20888527590334807
1683,0.6478617805444448
1684,0.34298084492180253
1685,0.5762103155817373
1686,0.6250993396729865
1687,0.9075199829690186
1688,0.5459943588158396
1689,0.4342305375972163
1690,0.6532728754556562
1691,0.48331255451972266
1692,0.24003805790634794
1693,0.5896680748712131
1694,0.2812924429442588
1695,0.31981461773186437
1696,0.8345818760887579
1697,0.29967156473671813
1698,0.20381199140965225
1699,0.48048406595770754
1700,0.5283773894863225
1701,0.5395741378368364
1702,0.23473465758631484
1703,0.55565734203249
1704,0.9234392611355171
1705,0.7397459650774929
1706,0.12547160069972033
1707,0.7429978594956557
1708,0.9252321899268369
1709,0.2798390253662052
1710,0.9756133475614138
1711,0.30144183726804924
1712,0.9342819796058954
1713,0.9935686517861759
1714,0.7383588160632532
1715,0.48353664448889255
1716,0.5723150360422868
1717,0.5197350788575404
1718,0.8080882043086235
1719,0.9673857530986898
1720,0.7720157548767516
1721,0.10577801677774334
1722,0.15798420171222471
1723,0.2485261324002582
1724,0.942546777444986
1725,0.9054475214667655
1726,0.3386247358454553
1727,0.31267936848903366
1728,0.7871273226456719
1729,0.31823519849774706
1730,0.7702576153383739
1731,0.7938219815703145
1732,0.837088241968838
1733,0.7768361535296117
1734,0.09690928621255021
1735,0.7081208703255865
1736,0.11436678945655462
1737,0.8348218499469735
1738,0.9023088298605288
1739,0.5333041655312095
1740,0.29765180593938473
1741,0.9498464851041796
1742,0.6957569071877966
1743,0.48048406595770754
1744,0.4263601760031829
1745,0.6949648448188362
1746,0.31498658722170375
1747,0.2224533437093286
1748,0.26943835791011733
1749,0.6939651344544457
1750,0.6588507061566098
1751,0.7714330627242563
1752,0.29193246250562194
1753,0.027086085804179986
1754,0.22128871583218362
1755,0.891433728731364
1756,0.4585565709173006
1757,0.15589896188236377
1758,0.6596702469306319
1759,0.22975342659342027
1760,0.2224903399532917
1761,0.12409236839126961
1762,0.7185506691964144
1763,0.8903946744801342
1764,0.9709525699807678
1765,0.17171600943135232
1766,0.13671739242158276
1767,0.8848223565766608
1768,0.8778322762773848
1769,0.4361181774476353
1770,0.04347766606761936
1771,0.14583337470539148
1772,0.8566685809654678
1773,0.30679447950274047
1774,0.19296890126769473
1775,0.9271151205524223
1776,0.5783027623188971
1777,0.928645930189719
1778,0.6910140733387673
1779,0.791196433046099
1780,0.5015441446216273
1781,0.24041740606189424
1782,0.7810650036743426
1783,0.9015779866478713
1784,0.9049379843288362
1785,0.2726488131101189
1786,0.8488640467107821
1787,0.27116276534134104
1788,0.027589852797268548
1789,0.15817926460873766
1790,0.6549793180105433
1791,0.9801368475886582
1792,0.8252834765937019
1793,0.8529762023981642
1794,0.19568323273485722
1795,0.30405057242028827
1796,0.6619750220178586
1797,0.5716901276057718
1798,0.7171169446004702
1799,0.4493598355585889
1800,0.2430319482911898
1801,0.4063082719712813
1802,0.7797520096217924
1803,0.35483479792121797
1804,0.2692023285798714
1805,0.8250010050264844
1806,0.5587650679576622
1807,0.39276152412121385
1808,0.3787290687209126
1809,0.7760395676403353
1810,0.07434629044531578
1811,0.7041597824683984
1812,0.9200835033060044
1813,0.1881070801384856
1814,0.5802055169149474
1815,0.15617450161236685
1816,0.6022184183446234
1817,0.9435772545713683
1818,0.84336977734267
1819,0.17131863228517985
1820,0.03998777060821919
1821,0.6737438045022035
1822,0.8878041034267797
1823,0.27988015813970274
1824,0.1629198258415656
1825,0.3777604453145677
1826,0.8783038009673911
1827,0.6251780415460861
1828,0.08913224764105965
1829,0.8213924443997662
1830,0.19111054948141076
1831,0.8213337967055006
1832,0.2811145792704017
1833,0.9284103689553219
1834,0.15333177797030495
1835,0.26368715506638984
1836,0.2661138531968696
1837,0.16523581681432892
1838,0.7209795728334608
1839,0.6907909963432647
1840,0.8928826844894318
1841,0.024442454699831178
1842,0.5207406049749086
1843,0.07018832138977606
1844,0.9531617027920476
1845,0.41357020352640217
1846,0.34926075797344397
1847,0.7468082988873027
1848,0.49766986897716947
1849,0.374769948991404
1850,0.7636232824125648
1851,0.46310623076145047
1852,0.43303612445303324
1853,0.22948968752399274
1854,0.2925315973887675
1855,0.38406542409462235
1856,0.8707006692329443
1857,0.08996898302197039
1858,0.30509437075215623
1859,0.14054197132498739
1860,0.6377232206176507
1861,0.9599196935894952
1862,0.7040984333442465
1863,0.6420024440836156
1864,0.8743782468230246
1865,0.7934148216043325
1866,0.7490060154385031
1867,0.6150392512638793
1868,0.4575240483217857
1869,0.8360981743197843
1870,0.02218336060185359
1871,0.480853341490798
1872,0.7342450146289271
1873,0.9126871950828402
1874,0.5186131344404156
1875,0.8358198916843325
1876,0.9494345404843128
1877,0.22148992431480624
1878,0.31569393312183686
1879,0.8209039530439229
1880,0.6440480500226144
1881,0.15309568031690157
1882,0.10832728362978664
1883,0.7422659301839019
1884,0.04413620232635726
1885,0.4045457656310814
1886,0.4773764480725491
1887,0.5138499352852327
1888,0.5475392674948053
1889,0.06701841402091815
1890,0.782527798593505
1891,0.2703088144548251
1892,0.3008545416166208
1893,0.3998401075190333
1894,0.7298754097720059
1895,0.27538238017955824
1896,0.5007302854302135
1897,0.2974184690437995
1898,0.19455468271492418
1899,0.6726941355455013
1900,0.5709450546024502
1901,0.29590567167424475
1902,0.839271121744553
1903,0.20858368072053532
1904,0.33395969092688593
1905,0.22620701732874984
1906,0.4064106967746737
1907,0.40361132799346616
1908,0.1762881862117634
1909,0.44149921098566575
1910,0.20148408901306447
1911,0.9270181467710124
1912,0.7183382488826697
1913,0.6168221056007481
1914,0.6547031920852608
1915,0.1711769986426442
1916,0.533337336628547
1917,0.6569945159546231
1918,0.9434098512447516
1919,0.6043710855499096
1920,0.3227797722943555
1921,0.28524433477013655
1922,0.47513955116668977
1923,0.9254106062019708
1924,0.9588815146097341
1925,0.41100921456683137
1926,0.29483855200824255
1927,0.9646068925794451
1928,0.6210984480696162
1929,0.6233139498392601
1930,0.9809769639014932
1931,0.39459052974472614
1932,0.9403604529690232
1933,0.9386490703002525
1934,0.9537053475716007
1935,0.506540901230248
1936,0.8303974093435647
1937,0.952853720498907
1938,0.5018430045778455
1939,0.45858993020444794
1940,0.7794067592408386
1941,0.7813329358384924
1942,0.3877399563914876
1943,0.9732494322531982
1944,0.41043447236599756
1945,0.2631232918969466
1946,0.39067668279657153
1947,0.3623004219375108
1948,0.5231519305706525
1949,0.6738667925407932
1950,0.28238995171891224
1951,0.04926256157354887
1952,0.9676030400727225
1953,0.9100557051295498
1954,0.7838973660301914
1955,0.7649743311814349
1956,0.25212702486824967
1957,0.4549380764568741
1958,0.09467367956742519
1959,0.8404601250321365
1960,0.6534760051247674
1961,0.7939470060346369
1962,0.8132822805258845
1963,0.9231756426769196
1964,0.8745864220233135
1965,0.8455990383230411
1966,0.32853111252930906
1967,0.12931694424289006
1968,0.9465201177192436
1969,0.7394804274587522
1970,0.9543351540855245
1971,0.6221616369119803
1972,0.3151732563092486
1973,0.7798085974218286
1974,0.8873169463724455
1975,0.8185814700486748
1976,0.5885238023228633
1977,0.4843374765778047
1978,0.829743836032848
1979,0.8426335757936824
1980,0.7115011146746947
1981,0.9606551865065688
1982,0.20471567635532964
1983,0.07279180096243856
1984,0.5285041215625679
1985,0.583255380801446
1986,0.1890434051966868
1987,0.10354420570533933
1988,0.708823866867883
1989,0.6552801735235987
1990,0.7616529217875029
1991,0.4000306686848991
1992,0.8391574223266655
1993,0.19449855692204396
1994,0.7822785927267831
1995,0.9415126785274636
1996,0.8989041010291104
1997,0.9767574910055773
1998,0.8395657006212033
1999,0.3575485127331704
2000,0.960184598096012
2001,0.6006573098984694
2002,0.7865364326010722
2003,0.658722583800513
2004,0.9616953110751137
2005,0.2128175427669169
2006,0.6605825238567897
2007,0.4505112279410057
2008,0.4329356147982069
2009,0.034913601502522366
2010,0.10973671974112369
2011,0.18253993022284534
2012,0.8055288708375248
2013,0.8970659497605009
2014,0.33777122071209037
2015,0.42720860006201095
2016,0.9512379138137862
2017,0.5257166687590716
2018,0.3127209671716726
2019,0.16256875312412314
2020,0.48132268251566784
2021,0.9027878880603054
2022,0.7960664256210409
2023,0.7743879101980634
2024,0.4651038554598902
2025,0.9624450362725083
2026,0.16920231410125144
2027,0.3521168302170359
2028,0.8327172546960061
2029,0.2234888119012609
2030,0.044544000679976374
2031,0.5143514637899022
2032,0.2719152275701297
2033,0.2768014145597491
2034,0.22412044001227055
2035,0.4617977963498369
2036,0.6502956065739769
2037,0.8142818307368955
2038,0.5300626174572259
2039,0.6975347930072142
2040,0.6621663728176208
2041,0.645055697852619
2042,0.7454164523708459
2043,0.49671589996567533
2044,0.36980536152150467
2045,0.7388037508068911
2046,0.767847473390886
2047,0.1713300754488589
2048,0.5635109727510142
2049,0.5803220139164483
2050,0.5626812768500381
2051,0.576976155281965
2052,0.051889848755613824
2053,0.33494534796912745
2054,0.21609334580537143
2055,0.1726683400908526
2056,0.41366240790352266
2057,0.9242416819814799
2058,0.11971616503398767
2059,0.8321188193305514
2060,0.7262895633710671
2061,0.9280521340391246
2062,0.3991035170170855
2063,0.1574135340218846
2064,0.6553999908275348
2065,0.9399358604368092
2066,0.9487843247027229
2067,0.09553924379859874
2068,0.4142086972303116
2069,0.31161385422802595
2070,0.48374744504492134
2071,0.9931847463348327
2072,0.557831579985713
2073,0.5819396222720922
2074,0.5664966547027802
2075,0.2216667816078044
2076,0.4599588004288889
2077,0.796504645185609
2078,0.3845311144010493
2079,0.8302655964463909
2080,0.11663094259257635
2081,0.3287269823362718
2082,0.3768657000325142
2083,0.16429129181905847
2084,0.5390072227157288
2085,0.9525791495602275
2086,0.7155801551281007
2087,0.9245793058930443
2088,0.8690123675929549
2089,0.29511661759268437
2090,0.24323710061435425
2091,0.7213605660985848
2092,0.48048406595770754
2093,0.8982323866287457
2094,0.8222654861298507
2095,0.5804586053728569
2096,0.7719758434619338
2097,0.8385255244735542
2098,0.2527891015616544
2099,0.9039607715284372
2100,0.22866105056042305
2101,0.14657192320780146
2102,0.9579246215907118
2103,0.6496284792746706
2104,0.8868012653338968
2105,0.9477224874867649
2106,0.567223984023338
2107,0.8443032277487298
2108,0.29671820870636817
2109,0.3505327039748827
2110,0.8449741999644916
2111,0.23721299095679077
2112,0.27481867469763277
2113,0.9750184801928501
2114,0.8095577956163235
2115,0.9052691730788756
2116,0.5503991735506875
2117,0.9577687637928528
2118,0.29874129899265345
2119,0.8295370633086193
2120,0.24458295157892587
2121,0.0905196333265221
2122,0.8578097235471509
2123,0.34938231072615133
2124,0.2842311881882153
2125,0.6593101012679053
2126,0.07935294080119473
2127,0.11630052270090828
2128,0.0987103184668009
2129,0.47177318779498684
2130,0.8203058267184824
2131,0.43066583042789025
2132,0.3678042183355982
2133,0.7546650560014857
2134,0.5638836048624237
2135,0.7705738704635373
2136,0.6670672835023664
2137,0.955973433957356
2138,0.2539916653711168
2139,0.7453714861377388
2140,0.9593358814325833
2141,0.8871545530087911
2142,0.8726327306043722
2143,0.5062204245673737
2144,0.07155433339408959
2145,0.13630700412448643
2146,0.3800845023910263
2147,0.9346091573737222
2148,0.27376172684186967
2149,0.9314608793547206
2150,0.8790209031685065
2151,0.3899670524774055
2152,0.6607249320414151
2153,0.9319887673802164
2154,0.4526365790232018
2155,0.8520146429896003
2156,0.25081710939845264
2157,0.8436689687356923
2158,0.8727818815962487
2159,0.8789516483064924
2160,0.5261859704796052
2161,0.731201179829604
2162,0.4628324224558079
2163,0.2312923838062652
2164,0.22908959637914308
2165,0.06936573619154127
2166,0.35069264993451627
2167,0.9496648099120009
2168,0.3620057473847174
2169,0.4893626490878636
2170,0.7944653370404902
2171,0.10885652530496627
2172,0.954046199040887
2173,0.3289430751458259
2174,0.5208126500003303
2175,0.41883558437147017
2176,0.8619987792114757
2177,0.3690032060248672
2178,0.2727659477863446
2179,0.48637994250060634
2180,0.1172846879057731
2181,0.3525235093330019
2182,0.28737669809908534
2183,0.1225573347698617
2184,0.0698593065370859
2185,0.817830936698451
2186,0.29669110630666456
2187,0.9162490161857065
2188,0.8358324546270584
2189,0.027883086521140413
2190,0.40651627342040747
2191,0.6171016573599727
2192,0.24095845601391114
2193,0.14482248942337206
2194,0.21728408587238987
2195,0.9202622755379202
2196,0.07209360953991023
2197,0.2954053533904471
2198,0.09653540738984907
2199,0.9703276127143042
2200,0.7282022108296069
2201,0.8841800479067103
2202,0.34566806301859365
2203,0.12060758079531486
2204,0.7882415111420797
2205,0.8960477531179587
2206,0.9765007961371878
2207,0.776243489269545
2208,0.7135147734294754
2209,0.9564047064144827
2210,0.8638058297230939
2211,0.8790678082123032
2212,0.1280755634870134
2213,0.7495624357763375
2214,0.5271675208523859
2215,0.2744700060175548
2216,0.5870955510988776
2217,0.3505491146488883
2218,0.33989374909336345
2219,0.9359746837642732
2220,0.1377149105316125
2221,0.835873615022375
2222,0.515120314594907
2223,0.17347332282083092
2224,0.1311375710586203
2225,0.7380696156685301
2226,0.7572885208700103
2227,0.962325539923267
2228,0.1489350041358286
2229,0.5834789042344066
2230,0.14293583987702335
2231,0.8284040905121244
2232,0.21302086885554886
2233,0.12752952747187177
2234,0.6167490343547918
2235,0.47539525293140145
2236,0.18377204855993104
2237,0.9512379138137862
2238,0.40810591844915567
2239,0.9781667403376281
2240,0.6778497111295022
2241,0.7509703046370336
2242,0.3887911744769676
2243,0.5512305950135601
2244,0.7367456532720362
2245,0.5472819996773826
2246,0.6218614338396442
2247,0.8403924928839135
2248,0.16358950082994886
2249,0.5287866973433467
2250,0.99220853701657
2251,0.1784309786665225
2252,0.9476603245540034
2253,0.1749984724817435
2254,0.26994338593260747
2255,0.06528640622207288
2256,0.840532714944726
2257,0.6542690836076925
2258,0.5793262702833833
2259,0.9446369906723399
2260,0.9004075082210056
2261,0.5612292051412114
2262,0.8152689181857189
2263,0.20904202983047132
2264,0.22623410395834215
2265,0.21311241993622124
2266,0.5500794784835414
2267,0.6118177162732801
2268,0.8705480210686243
2269,0.2689982252620114
2270,0.14193588583590963
2271,0.47382678912001597
2272,0.3404866679746813
2273,0.9774972957157639
2274,0.9071136457067579
2275,0.7343494206767328
2276,0.10922578658132101
2277,0.11270100302719414
2278,0.3097805396216466
2279,0.18387995580153604
2280,0.5137585826310764
2281,0.35170977735732845
2282,0.12112220928728576
2283,0.03361856528601313
2284,0.20518117891341345
2285,0.9117559512484034
2286,0.8889752516521627
2287,0.25119928624018084
2288,0.691754911520324
2289,0.6063370370600715
2290,0.8669794834646507
2291,0.11447022387430143
2292,0.8981505327816474
2293,0.9238603534940623
2294,0.2303560667579266
2295,0.7393422537937943
2296,0.4886465684351685
2297,0.3997728890939756
2298,0.7931631042247725
2299,0.8961277980331004
2300,0.5105550270327497
2301,0.9493985421844676
2302,0.7193843700338463
2303,0.7736559428849428
2304,0.776157543540045
2305,0.14098795984353912
2306,0.6287164782052909
2307,0.6749089707812173
2308,0.954645199547302
2309,0.21264764465164934
2310,0.32704782579064495
2311,0.4823494563175399
2312,0.5546915349518691
2313,0.4095835215867954
2314,0.37501853320247724
2315,0.26978874986920925
2316,0.6411510180957607
2317,0.1878019240065382
2318,0.13102829784267675
2319,0.8775948296483562
2320,0.7788670861750124
2321,0.7234258713116134
2322,0.7775882719990591
2323,0.5033867137694404
2324,0.41854783485092045
2325,0.2788431245134726
2326,0.9487843247027229
2327,0.8279564619721013
2328,0.06418289999791865
2329,0.8187845515014834
2330,0.2672253440209896
2331,0.8196186656219026
2332,0.6392386201230084
2333,0.037254450302766515
2334,0.8729114963454874
2335,0.9595677679892674
2336,0.7287651734774447
2337,0.9406581231644955
2338,0.9740850991014601
2339,0.840019583822176
2340,0.3335220461711309
2341,0.4191393932356977
2342,0.6534338108969617
2343,0.5349042791053685
2344,0.4191310646963726
2345,0.26922611946337494
2346,0.2863585990250219
2347,0.6365861102489193
2348,0.42665070103926783
2349,0.04484738767875853
2350,0.5632260145946388
2351,0.3250044868190025
2352,0.47002821237968145
2353,0.5687809261369389
2354,0.6074660233202294
2355,0.5901826700518905
2356,0.4464395676894117
2357,0.6760704015908253
2358,0.9829752095917756
2359,0.12103164510469357
2360,0.5097286656413463
2361,0.4818173135826598
2362,0.024137867779482187
2363,0.8114851554582699
2364,0.6763356905763539
2365,0.6006123410607415
2366,0.3381897715815968
2367,0.804582328531522
2368,0.6932076683155026
2369,0.9516991714583175
2370,0.9569469290434179
2371,0.2726930232439726
2372,0.9542161210018979
2373,0.27966749915537426
2374,0.7142409787390147
2375,0.6571379277309022
2376,0.46791781167348023
2377,0.7628903963712641
2378,0.10991404127524927
2379,0.17361933434797128
2380,0.7195218198716425
2381,0.7340243640541503
2382,0.8313363728702581
2383,0.24965400741823826
2384,0.4099855970374009
2385,0.6861004360660959
2386,0.04636493590743944
2387,0.8330287012282344
2388,0.9380936641170944
2389,0.34943707199451973
2390,0.47679640725544015
2391,0.7560228904110072
2392,0.8764800241945515
2393,0.03257893377528094
2394,0.9769740014563911
2395,0.5333041655312095
2396,0.850531614478872
2397,0.9110768113633306
2398,0.07586239394210642
2399,0.9487197311468636
2400,0.22430148604828234
2401,0.35239368771403967
2402,0.47397298569855645
2403,0.48357058690683363
2404,0.36708530487415153
2405,0.8059934675873182
2406,0.9394780379065338
2407,0.32408623945209997
2408,0.9677533470051486
2409,0.5787752228817694
2410,0.6459149917187579
2411,0.8123007119176079
2412,0.9000737825519368
2413,0.4743904525132122
2414,0.7911346328535341
2415,0.7784460049337896
2416,0.6910598478279366
2417,0.07595883498303921
2418,0.8526007912341869
2419,0.983046504736258
2420,0.5649135372326155
2421,0.8064191224783412
2422,0.16648550702223747
2423,0.044579870066694754
2424,0.1001012207549067
2425,0.7620057432982515
2426,0.960174079415125
2427,0.45964541884093907
2428,0.9435910748627371
2429,0.7019998105603663
2430,0.2614252184509288
2431,0.12533401361780114
2432,0.525724536581861
2433,0.2265357258576602
2434,0.5965343429324076
2435,0.8946647945536562
2436,0.49835084432395016
2437,0.028585416644576422
2438,0.18015375151810245
2439,0.7196003224862249
2440,0.5829008056651594
2441,0.6372303676117805
2442,0.3649230941188468
2443,0.7401040467193462
2444,0.8826368432846792
2445,0.8623189712254699
2446,0.9567860769998981
2447,0.9230827321152285
2448,0.9568168919612039
2449,0.8162298410158993
2450,0.12727884409638968
2451,0.6460099073082434
2452,0.5610132000279879
2453,0.9412495529463292
2454,0.8375811216510269
2455,0.6528333061091011
2456,0.21611814092792547
2457,0.7346289875061321
2458,0.5438278783221391
2459,0.27215464994343463
2460,0.8615389450012436
2461,0.931255761072211
2462,0.8052209630306636
2463,0.85987652056105
2464,0.1720283106407554
2465,0.9759841213471613
2466,0.8093501758809999
2467,0.1575244715019904
2468,0.554117015391046
2469,0.9134872781407065
2470,0.8798935025049833
2471,0.4134275946277392
2472,0.8498550454518327
2473,0.43851290847069413
2474,0.5960415208100313
2475,0.05283142879735116
2476,0.3253070842857375
2477,0.6371497737217235
2478,0.30384794055311215
2479,0.7273201358779723
2480,0.2750731269448169
2481,0.8335444545831363
2482,0.5805153919313015
2483,0.7534881896839873
2484,0.9336496035494434
2485,0.33743981306988347
2486,0.4179572158012183
2487,0.8692918362462471
2488,0.22733442580306062
2489,0.2561315200042537
2490,0.8800971192458587
2491,0.35630623169210185
2492,0.9756790675393103
2493,0.6163610550693129
2494,0.30362709357699014
2495,0.32466707408358747
2496,0.9029117696384824
2497,0.7724067248930181
2498,0.6704690516397459
2499,0.18858277026498937
2500,0.24642104830475284
2501,0.8483009820443005
2502,0.970784505253904
2503,0.26009615400539154
2504,0.3890810294609534
2505,0.05267779719815128
2506,0.8562626781357356
2507,0.874156178226646
2508,0.21684774212092828
2509,0.897101381419189
2510,0.4080856164685287
2511,0.5807134220376298
2512,0.4595955312386297
2513,0.8521166196638175
2514,0.2280067503399128
2515,0.5746046367017476
2516,0.12657680344952654
2517,0.38460907922585746
2518,0.20021928224691218
2519,0.5470250613385005
2520,0.9714031653088749
2521,0.04252417191479601
2522,0.3179094144135134
2523,0.17417765376318176
2524,0.03194142682343469
2525,0.38601979009149534
2526,0.8197678014704181
2527,0.8853351223327491
2528,0.3976104101412762
2529,0.9456616549507971
2530,0.8984418228021767
2531,0.27290147195577413
2532,0.9066819029384527
2533,0.9952764350741604
2534,0.4597912649785538
2535,0.44268626474043876
2536,0.7993389485960557
2537,0.3563856589230329
2538,0.3852588683821596
2539,0.12223370457569242
2540,0.3931850317945937
2541,0.07710547634644588
2542,0.16351990293442523
2543,0.9052569704398781
2544,0.8866825979739382
2545,0.21482224710520734
2546,0.7944246500137333
2547,0.3377032533458839
2548,0.2156081133295203
2549,0.2512627727428278
2550,0.15006401204991734
2551,0.6611058066932191
2552,0.47434518860743446
2553,0.27259243519579074
2554,0.9931847463348327
2555,0.568552691059109
2556,0.47818799717156535
2557,0.5706808658554688
2558,0.5090085728751285
2559,0.4398277323339819
2560,0.05495972613312344
2561,0.7022427006163187
2562,0.22851755029166634
2563,0.6301135604608961
2564,0.8665395622703985
2565,0.6007356225528133
2566,0.4718110130491572
2567,0.9082776185943598
2568,0.3112007062059353
2569,0.06759833724515744
2570,0.7528346132211765
2571,0.14247703078388105
2572,0.09878279938569207
2573,0.09213081355288885
2574,0.5898459662093912
2575,0.06906629016495335
2576,0.9237518539229534
2577,0.6085233178435678
2578,0.4927691523333578
2579,0.5198749811848948
2580,0.5361875542475393
2581,0.8981397322486295
2582,0.7035707877479136
2583,0.5382389249756288
2584,0.7810650036743426
2585,0.4545899302302074
2586,0.5478675461582335
2587,0.5660418851920743
2588,0.32859654833955687
2589,0.7281537464604118
2590,0.3647554160871367
2591,0.2848276024493073
2592,0.7670055084182704
2593,0.19590487203157472
2594,0.9260411702508629
2595,0.14028807610350055
2596,0.3665699196317072
2597,0.48048406595770754
2598,0.303522796880574
2599,0.8798424414974166
2600,0.10189637079991958
2601,0.4844158024371496
2602,0.3326948812904977
2603,0.13020622820718317
2604,0.10324845482830089
2605,0.38288128862377346
2606,0.9927806884660786
2607,0.22546398071897075
2608,0.9790547599930399
2609,0.9551614837761813
2610,0.2256100568462097
2611,0.7502157038625232
2612,0.09263004397713921
2613,0.1331231189852139
2614,0.4452494403987396
2615,0.8556524266583572
2616,0.7014131155217688
2617,0.787318693357366
2618,0.6062229617569019
2619,0.6757855280792474
2620,0.4538216978879833
2621,0.9735377205080833
2622,0.40464419208740066
2623,0.9491495510320712
2624,0.8662101513219853
2625,0.7353566988503364
2626,0.7648136856743629
2627,0.41734946732405437
2628,0.9184112164930317
2629,0.9785034123149706
2630,0.9156471798762047
2631,0.03760475606873641
2632,0.8939609089860772
2633,0.960184598096012
2634,0.7887317534187951
2635,0.7409353053102716
2636,0.3360597610538605
2637,0.9528465645460654
2638,0.30940048395049946
2639,0.3539497602005987
2640,0.8966114095738548
2641,0.8028513365157616
2642,0.12594157813506218
2643,0.15471393003689668
2644,0.7800611485858496
2645,0.4833226591160077
2646,0.2880439801261469
2647,0.9619868705936587
2648,0.18303653943907092
2649,0.6891171069807126
2650,0.8904869824156535
2651,0.06919472671040287
2652,0.5688288953879805
2653,0.4843360313010519
2654,0.48048406595770754
2655,0.05420439497289038
2656,0.4808305397194852
2657,0.776594775069069
2658,0.015687431541345505
2659,0.8546559304448479
2660,0.5902252711848259
2661,0.12486311213164634
2662,0.19055557943498216
2663,0.18765478353654863
2664,0.7924789029218637
2665,0.17974602874330065
2666,0.5784653027625896
2667,0.5636993931001549
2668,0.9354179478986792
2669,0.19428557135794236
2670,0.6416783232492401
2671,0.13429813762008494
2672,0.3595829478559066
2673,0.7903631582270831
2674,0.525724536581861
2675,0.3380537629116614
2676,0.9105587087690049
2677,0.852348224474687
2678,0.5276705205173171
2679,0.10336775467340376
2680,0.7376438897562131
2681,0.08713696488787134
2682,0.3714328599195402
2683,0.04578461857156606
2684,0.21626389475614308
2685,0.8972186915993202
2686,0.19294403627581666
2687,0.11581811411074017
2688,0.3775909668515272
2689,0.7919108031845914
2690,0.10317982178760106
2691,0.1331656098538002
2692,0.743234007624255
2693,0.17411740561367975
2694,0.9814466607225791
2695,0.5660884882006604
2696,0.7780395263008979
2697,0.42930782382014837
2698,0.9530468732086507
2699,0.42126896102017103
2700,0.27195122860267446
2701,0.5116652635780251
2702,0.7758429648973193
2703,0.9092649932280379
2704,0.39644039185993113
2705,0.12615779582136424
2706,0.45141434626663524
2707,0.812631851565929
2708,0.8675388257447235
2709,0.8809898032643876
2710,0.0028809048828918864
2711,0.42383037789382694
2712,0.9945569714807709
